"","QCOM","NVDA","date","int_date"
"1",0.00306330329188173,-0.0453248253974758,2017-01-03,20170103
"2",0.00106942795802015,0.0230629927981034,2017-01-04,20170104
"3",0.00122125396570748,-0.025713783808267,2017-01-05,20170105
"4",-0.000305046521959705,0.0132784498823367,2017-01-06,20170106
"5",0.00182932576287384,0.0397426922830843,2017-01-09,20170109
"6",-0.000305046521959705,-0.00757864552355035,2017-01-10,20170110
"7",0.00713548179100764,-0.0123803208889521,2017-01-11,20170111
"8",0.000302954104770545,-0.0164912360090611,2017-01-12,20170112
"9",0.0114284458235914,-9.70047048042602e-05,2017-01-13,20170113
"10",-0.0410522293555942,-0.0226864013785543,2017-01-17,20170117
"11",0.0145378120542147,0.018034398233531,2017-01-18,20170118
"12",-0.0106505159255338,0.0212398293205214,2017-01-19,20170119
"13",-0.02450685484441,-0.0109962376230136,2017-01-20,20170120
"14",-0.136078634091217,0.0103304566160169,2017-01-23,20170123
"15",0.00218461199657513,0.02109101265748,2017-01-24,20170124
"16",0.0339617165324068,0.00427684126224111,2017-01-25,20170125
"17",-0.0513859302570676,0.0171088061373671,2017-01-26,20170126
"18",0.00350883682564933,0.0191494728607837,2017-01-27,20170127
"19",-0.0116829810249276,-0.0157808654330416,2017-01-30,20170130
"20",-0.00336365073565981,-0.00766429582350472,2017-01-31,20170131
"21",-0.00525377694854821,0.0427615523612905,2017-02-01,20170201
"22",-0.00926175797389494,0.0125578194871439,2017-02-02,20170202
"23",0.00605860950392061,-0.00879153251937413,2017-02-03,20170203
"24",-0.00188878262739823,0.0252934076866051,2017-02-06,20170206
"25",0.00734793766253825,0.0153948882554335,2017-02-07,20170207
"26",-0.00715856147034137,-0.00437455442601675,2017-02-08,20170208
"27",-0.000189017862750737,-0.0189799857585341,2017-02-09,20170209
"28",0.0209588213912134,-0.0240007269984189,2017-02-10,20170210
"29",0.0170753823303729,-0.0472163532597678,2017-02-13,20170213
"30",0.00996320205746254,0.00368420497465946,2017-02-14,20170214
"31",0.0180412731006375,0.00201995850946601,2017-02-15,20170215
"32",0.00688027652067644,-0.0161852778009719,2017-02-16,20170216
"33",-0.00741139667601889,-0.000186017300145271,2017-02-17,20170217
"34",0.00512285573874062,0.0351846947620386,2017-02-21,20170221
"35",0.00614806187655528,-0.0015321731780766,2017-02-22,20170222
"36",0.000700754414263761,-0.0973074730672495,2017-02-23,20170223
"37",0.00139902091370741,0.00960670746497765,2017-02-24,20170224
"38",0.000698755813284389,0.0286613122392108,2017-02-27,20170227
"39",-0.00441673944953623,-0.0284632625643424,2017-02-28,20170228
"40",0.00934024379780216,0.0128263890497556,2017-03-01,20170301
"41",-0.0112894871227989,-0.0375679197690742,2017-03-02,20170302
"42",0.00124122935602718,-0.00577464119273813,2017-03-03,20170303
"43",0.000176984337348259,-0.00775096124063128,2017-03-06,20170306
"44",0.00494773972393365,0.0108954286619611,2017-03-07,20170307
"45",0.0181659946256229,-0.00182466368674144,2017-03-08,20170308
"46",0.00345602107338891,-0.000203020607288853,2017-03-09,20170309
"47",0.0114917165650468,0.00586874517681934,2017-03-10,20170310
"48",-0.00307472211707622,0.027169542465264,2017-03-13,20170313
"49",-0.00411344864154242,-0.000687236092636613,2017-03-14,20170314
"50",0.00513976872985816,0.00753652888665735,2017-03-15,20170315
"51",-0.00290922770213502,0.0122121274972365,2017-03-16,20170316
"52",-0.0138048499765589,0.0215373962238809,2017-03-17,20170317
"53",0.00450782447516931,0.0313688136675439,2017-03-20,20170320
"54",-0.017625419134885,-0.0328775933413768,2017-03-21,20170321
"55",0.00421609974773724,0.0201898072343137,2017-03-22,20170322
"56",-0.00404015042772684,-0.00910936456446356,2017-03-23,20170323
"57",0.0019341283672646,0.0035417206962634,2017-03-24,20170324
"58",-0.00457846519416614,0.00723178747525207,2017-03-27,20170327
"59",0.0126269435470842,-0.00518642628730508,2017-03-28,20170328
"60",-0.00034906091467327,-0.00325529272067263,2017-03-29,20170329
"61",-0.00279289650709191,0.0190091753415141,2017-03-30,20170330
"62",0.00244500852908589,-0.00430525432188822,2017-03-31,20170331
"63",-0.0147573561082469,-0.00506178926733548,2017-04-03,20170403
"64",0.00318093545623969,-0.0727040350578478,2017-04-04,20170404
"65",-0.0037118805126237,-0.00746982984108805,2017-04-05,20170405
"66",0.00106143647693893,0.00727149845871969,2017-04-06,20170406
"67",-0.0037219177507774,-0.00427713391028397,2017-04-07,20170407
"68",0.00354471008542655,-0.0258471788455537,2017-04-10,20170410
"69",-0.0209182693934568,0.00357360705328948,2017-04-11,20170411
"70",-0.0360531751029371,-0.00828926119354985,2017-04-12,20170412
"71",-0.0113016234378902,-0.0188801129434238,2017-04-13,20170413
"72",0.00189220864352952,0.0384184683640438,2017-04-17,20170417
"73",-0.0041686768722197,0.000604817061281531,2017-04-18,20170418
"74",-0.00113964915347068,0.00392030555061633,2017-04-19,20170419
"75",0.000949549035588201,0.0157266848583008,2017-04-20,20170420
"76",-0.00304262408969782,0.00413942076426394,2017-04-21,20170421
"77",0.00588763381883092,0.0124126434065738,2017-04-24,20170424
"78",0.00359154268231746,0.0172375756563256,2017-04-25,20170425
"79",0.00075471513087517,-0.00689773476907079,2017-04-26,20170426
"80",0.00319987493513544,0.0154539698905152,2017-04-27,20170427
"81",0.00991171624624771,-0.0127661415296738,2017-04-28,20170428
"82",-0.00260839891656825,0.0221870372320303,2017-05-01,20170501
"83",-0.00580079210968126,-0.030079897988353,2017-05-02,20170502
"84",0.0222682126918532,0.00741345232990612,2017-05-03,20170503
"85",0.00767844514340272,-0.00384438016902111,2017-05-04,20170504
"86",0.000363933768071825,9.59953922949868e-05,2017-05-05,20170505
"87",-0.00565998755220853,-0.0105504608951838,2017-05-08,20170508
"88",0.00965622820328266,0.0016526336484229,2017-05-09,20170509
"89",0.00325868471491976,0.164037925239379,2017-05-10,20170510
"90",-0.0118175530279819,0.0420580303131845,2017-05-11,20170511
"91",0.0116360379631192,0.0109280705316903,2017-05-12,20170512
"92",0.00144495554872985,0.0489796700215876,2017-05-15,20170515
"93",0.00987904118340703,0.0184428797289114,2017-05-16,20170516
"94",-0.0106009924875461,-0.0687521861682724,2017-05-17,20170517
"95",0.0136346246090431,0.0410354117451791,2017-05-18,20170518
"96",0.0272444757673616,0.0228088882757281,2017-05-19,20170519
"97",0.0275344244737697,0.0210988456655804,2017-05-22,20170522
"98",-0.00101251241774035,-0.0135544478872824,2017-05-23,20170523
"99",-0.00984227669122928,0.0111753228183028,2017-05-24,20170524
"100",-0.00324526016502953,-0.00223950582221371,2017-05-25,20170525
"101",-0.006178044879041,0.0255634528111288,2017-05-26,20170526
"102",-0.00313390555616292,0.0211370307014571,2017-05-30,20170530
"103",-0.00122174602782851,-0.00359545591197409,2017-05-31,20170531
"104",0.0232994474643971,6.89976196095941e-05,2017-06-01,20170601
"105",-0.000682232667792264,-0.00500048159476159,2017-06-02,20170602
"106",0.00476861207510209,0.0299693975474043,2017-06-05,20170605
"107",-0.0112763396143275,-0.00453727789491694,2017-06-06,20170606
"108",-0.0115787760506138,0.0120086071879736,2017-06-07,20170607
"109",0.0102037640827887,0.0700473819619611,2017-06-08,20170608
"110",-0.0185815730863906,-0.0668334190692832,2017-06-09,20170609
"111",0.00768340688588734,0.00246994716756715,2017-06-12,20170612
"112",0.000869621769357802,0.00948982879876711,2017-06-13,20170613
"113",-0.00925368356824684,0.00211176864616791,2017-06-14,20170614
"114",-0.00140398512602907,0.00427484979567529,2017-06-15,20170615
"115",-0.00193386871929841,-0.00493415293623438,2017-06-16,20170616
"116",0.0138082261308596,0.0369045714282044,2017-06-19,20170619
"117",-0.014336275060159,-0.00146306976479118,2017-06-20,20170620
"118",-0.00813298323018899,0.0150373699017251,2017-06-21,20170621
"119",0.00248191749313034,-0.00692190117897044,2017-06-22,20170622
"120",0.00776179914990097,-0.0290859240660546,2017-06-23,20170623
"121",-0.006168989145529,-0.0109810718842371,2017-06-26,20170626
"122",-0.0201812789756794,-0.037295926743707,2017-06-27,20170627
"123",0.0130840295479233,0.0346632281931275,2017-06-28,20170628
"124",-0.0194183211512469,-0.0339808651657407,2017-06-29,20170629
"125",0.00253877458285066,-0.0145584619994233,2017-06-30,20170630
"126",-0.00490199517023158,-0.0368496862604228,2017-07-03,20170703
"127",0.00905785350579176,0.0263488013279569,2017-07-05,20170705
"128",-0.0119744079157753,0.00300149101574461,2017-07-06,20170706
"129",0.0101691187985281,0.0226026252094292,2017-07-07,20170707
"130",0.00522532418377211,0.0462039656963722,2017-07-10,20170710
"131",-0.00558657589631533,0.0140843482732707,2017-07-11,20170711
"132",0.0156016587084757,0.0416533288660797,2017-07-12,20170712
"133",0.000533857472737483,-0.0116354298353042,2017-07-13,20170713
"134",0.0102621634164591,0.0265387123771142,2017-07-14,20170714
"135",-0.00618005727540253,-0.00425303132969982,2017-07-17,20170717
"136",-0.00301554218046169,0.0103571787723976,2017-07-18,20170718
"137",0.00866732994155324,-0.00519547312731936,2017-07-19,20170719
"138",-0.0507555442642268,0.0144323507867386,2017-07-20,20170720
"139",-0.00241190630897041,0.00357559991684515,2017-07-21,20170721
"140",-0.0115828226430795,-0.0116678048676821,2017-07-24,20170724
"141",0.000938559415284484,-0.00482662945807792,2017-07-25,20170725
"142",-0.00244298165114,0.0114847965226765,2017-07-26,20170726
"143",-0.0123074266220539,-0.0335588517833083,2017-07-27,20170727
"144",0.00740253351674131,0.0162512305060443,2017-07-28,20170728
"145",0.00584488532956097,-0.0115018939048358,2017-07-31,20170731
"146",0.00412747026323892,0.0121103725201696,2017-08-01,20170801
"147",-0.00450412837399987,-0.000608184906952803,2017-08-02,20170802
"148",-0.00414658521392848,0.0126338556902879,2017-08-03,20170803
"149",-0.0062514999700904,0.00437541390064753,2017-08-04,20170804
"150",0.00151884596926977,0.0302769908842721,2017-08-07,20170807
"151",-0.00781042209197705,-0.0119652995397633,2017-08-08,20170808
"152",0.00913811991102462,0.0105719198049398,2017-08-09,20170809
"153",-0.00818238459155938,-0.043764862177299,2017-08-10,20170810
"154",0.0072337730618788,-0.0547688006528798,2017-08-11,20170811
"155",0.0156213489029563,0.0767424987389596,2017-08-14,20170814
"156",0.00595821453412114,-0.00846775041887122,2017-08-15,20170815
"157",-0.0104494053701396,-0.0110194922025239,2017-08-16,20170816
"158",-0.0197018123781743,-0.0225350168749241,2017-08-17,20170817
"159",-0.00671851878816391,0.000185982704144672,2017-08-18,20170818
"160",0.0011553323464887,-0.0146579041089768,2017-08-21,20170821
"161",0.00709278661322289,0.0219992325991597,2017-08-22,20170822
"162",-0.00229463065240553,0.0197967449259375,2017-08-23,20170823
"163",0.00496565072417379,-0.00368578416490648,2017-08-24,20170824
"164",-0.00880262971415472,-0.00838909022381386,2017-08-25,20170825
"165",0.00670447469754602,0.00705604744295796,2017-08-28,20170828
"166",0,-0.00163834134855826,2017-08-29,20170829
"167",0.00596517292641454,0.0059323686531081,2017-08-30,20170830
"168",0.00287386648693451,0.0224403219895049,2017-08-31,20170831
"169",-0.00421788277432692,0.00600195219563433,2017-09-01,20170901
"170",-0.0395821384595393,-0.0270547001238982,2017-09-05,20170905
"171",0.00835995796947381,-0.000603181877618498,2017-09-06,20170906
"172",-0.00138896416427656,0.00463324990145674,2017-09-07,20170907
"173",-0.014796936696105,-0.0175012574803223,2017-09-08,20170908
"174",0.0185616615381569,0.031923964204617,2017-09-11,20170911
"175",0.00650479785547229,0.00360250318614202,2017-09-12,20170912
"176",0.00215866839795721,0.00447099021093697,2017-09-13,20170913
"177",0.00917181006270294,-0.00570926689215691,2017-09-14,20170914
"178",0.0136977559221954,0.0613048609895343,2017-09-15,20170915
"179",0.00114933925652147,0.0404776152285132,2017-09-18,20170918
"180",0.000956542367446393,-0.00106656858210828,2017-09-19,20170919
"181",-0.00613779780223102,-0.00809265739745504,2017-09-20,20170920
"182",0.000961537574545003,-0.0277155520713827,2017-09-21,20170921
"183",0.00115233580599473,-0.00978471456830212,2017-09-22,20170922
"184",-0.00906395380139856,-0.0457225241919341,2017-09-25,20170925
"185",-0.0095373361472233,0.00559830023358504,2017-09-26,20170926
"186",0.00818044870368553,0.0216871250242018,2017-09-27,20170927
"187",0.003872492213874,-0.000285040620218004,2017-09-28,20170928
"188",0.00173748969019892,0.0174361037968673,2017-09-29,20170929
"189",0.0007717021612778,0.00128617252539715,2017-10-02,20171002
"190",0.00269536423997493,0.00206486669468895,2017-10-03,20171003
"191",-0.00115366521587839,0.00832822386949482,2017-10-04,20171004
"192",0.00747797015595566,-0.000553152960894208,2017-10-05,20171005
"193",0.00267043122252508,0.00292771007133487,2017-10-06,20171006
"194",0.00740253351674131,0.0223083089816315,2017-10-09,20171009
"195",0.0185489005326484,0.0189149785506115,2017-10-10,20171010
"196",0.00463026376459691,0.0105828040671378,2017-10-11,20171011
"197",-0.0209121425806861,0.000470889114316848,2017-10-12,20171012
"198",-0.00340177949648972,0.0184644774709666,2017-10-13,20171013
"199",-0.00836488833162805,0.0170183626693883,2017-10-16,20171016
"200",0.000572835898183836,-0.000909413391034001,2017-10-17,20171017
"201",-0.00382329950385514,-0.000860370012155485,2017-10-18,20171018
"202",0.00153082768517157,0.00111238107469992,2017-10-19,20171019
"203",-0.00517737952913539,-0.0045603827563316,2017-10-20,20171020
"204",0.0259951785170619,-0.00142301200149122,2017-10-23,20171023
"205",0.0159796427195276,0.0104224965931017,2017-10-24,20171024
"206",-0.00758670641552841,-0.0255916916408409,2017-10-25,20171025
"207",-0.00074327616130042,0.0104274447390068,2017-10-26,20171026
"208",0.0142105501491137,0.0310421675304771,2017-10-27,20171027
"209",0.00164764189230808,0.00976120405893223,2017-10-30,20171030
"210",-0.0691100212058546,0.0144648774105222,2017-10-31,20171031
"211",0.0469122114433341,0.00188422373500658,2017-11-01,20171101
"212",0.0254864437644774,-0.00609956457956816,2017-11-02,20171102
"213",0.11964530056419,0.0132646344564267,2017-11-03,20171103
"214",0.0114215253433695,0.00449388734556079,2017-11-06,20171106
"215",0.0249579432407396,0.0113839561864565,2017-11-07,20171107
"216",0.0214532250941372,-0.0136284468361256,2017-11-08,20171108
"217",-0.013683189308289,-0.0185296179165593,2017-11-09,20171109
"218",-0.000464107681310727,0.0513563923968292,2017-11-10,20171110
"219",0.0293014875855696,-0.0163722976103705,2017-11-13,20171113
"220",-0.00739628520626195,0.00726355638818214,2017-11-14,20171114
"221",-0.00592652722016945,-0.0198048272985997,2017-11-15,20171115
"222",0.007592106882946,0.00773302295674121,2017-11-16,20171116
"223",0.00918469129133456,-0.0011816979300577,2017-11-17,20171117
"224",-0.00375403758989983,0.0127868980492558,2017-11-20,20171120
"225",0.0030044820202984,0.00915991955053868,2017-11-21,20171121
"226",0.0216626610662158,-0.00450011032492341,2017-11-22,20171122
"227",0.0113839561864565,0.00940067486949613,2017-11-24,20171124
"228",-0.0112368981260231,-0.0130832132082566,2017-11-27,20171127
"229",0.0118169045517717,-0.0161476747801236,2017-11-28,20171128
"230",-0.0275777957312892,-0.070227204391045,2017-11-29,20171129
"231",-0.00270966783627086,0.0216059023786964,2017-11-30,20171130
"232",-0.0128957944752563,-0.0152111044887046,2017-12-01,20171201
"233",-0.0143027991159187,-0.0573611402699157,2017-12-04,20171204
"234",0.00201197462095298,0.0057693253906093,2017-12-05,20171205
"235",0.00447298128693441,0.0080634032095556,2017-12-06,20171206
"236",0.00383961921868776,0.0143219495075487,2017-12-07,20171207
"237",-0.0152933493886787,-0.0026073963052672,2017-12-08,20171208
"238",0.0145269707545792,0.0164184761381258,2017-12-11,20171211
"239",-0.00492108871907482,-0.0198191074319764,2017-12-12,20171212
"240",0.000616809733758914,-0.0247210629950805,2017-12-13,20171213
"241",-0.00308675914296802,0.0015567875771398,2017-12-14,20171214
"242",0.000926570600848086,0.026931080959364,2017-12-15,20171215
"243",0.00952845969982767,0.0325610869875247,2017-12-18,20171218
"244",-0.0135514069517284,-0.00908615436125719,2017-12-19,20171219
"245",0.00154879998985039,0.00351182631311663,2017-12-20,20171220
"246",-0.00325629598177286,-0.00463472375854273,2017-12-21,20171221
"247",0.00526610967249979,-0.00317001920582223,2017-12-22,20171222
"248",-0.00666516293126366,0.0110517043167081,2017-12-26,20171226
"249",0.00372505336586139,-0.0013689365662459,2017-12-27,20171227
"250",-0.00248207780814313,0.00116532074995243,2017-12-28,20171228
"251",-0.00560769376570416,-0.0199547788706435,2017-12-29,20171229
"252",0.0182641896055816,0.0297849902513407,2018-01-02,20180102
"253",0.0112860720169675,0.0637388264670068,2018-01-03,20180103
"254",0.00136406923440048,0.00525715690283616,2018-01-04,20180104
"255",0.00664189370853744,0.00843829721713002,2018-01-05,20180105
"256",-0.00301353614228684,0.0301809387715611,2018-01-08,20180108
"257",-0.0152050125429676,-0.000270036456562321,2018-01-09,20180109
"258",-0.000153011705693955,0.0078094268914819,2018-01-10,20180110
"259",0.00260161286854308,0.00178640343082706,2018-01-11,20180111
"260",-0.000764291996733129,-0.00492108871907482,2018-01-12,20180112
"261",0.042960825589496,-0.0129545490008912,2018-01-16,20180116
"262",-0.00337569123991629,0.0207276894902608,2018-01-17,20180117
"263",0.000440902788079168,-0.00124677690341479,2018-01-18,20180118
"264",-0.000147010805558966,0.02494916504383,2018-01-19,20180119
"265",0.00921639822415697,0.0154382151291306,2018-01-22,20180122
"266",-0.00481758595430291,0.0220911830242507,2018-01-23,20180123
"267",-0.00528192483755895,-0.0131024636078297,2018-01-24,20180124
"268",-0.00827211983735553,0.00232928510793299,2018-01-25,20180125
"269",0.0163299378172071,0.0291043300526633,2018-01-26,20180126
"270",-0.0178137264713354,0.014362365675796,2018-01-29,20180129
"271",-0.00491405421129679,-0.0168725441854203,2018-01-30,20180130
"272",0.0186342980064076,0.0126101567146752,2018-01-31,20180131
"273",-0.0214739231333401,-0.0217978564426989,2018-02-01,20180201
"274",-0.0109881492003774,-0.029452497892052,2018-02-02,20180202
"275",-0.0679448494254002,-0.0886946110153303,2018-02-05,20180205
"276",0.0423437161144342,0.0541017469900458,2018-02-06,20180206
"277",0.00988894283034811,0.0141730856294881,2018-02-07,20180207
"278",-0.0411168296465263,-0.0505577754742323,2018-02-08,20180208
"279",0.0248408942790254,0.0647909892648114,2018-02-09,20180209
"280",0.0257632587563615,-0.0176050637087893,2018-02-12,20180212
"281",0.000608814634754553,0.0199722207575329,2018-02-13,20180213
"282",0.013455073151777,0.0370886341950911,2018-02-14,20180214
"283",-0.0198690895047434,0.0208236744774989,2018-02-15,20180215
"284",-0.00660879002447044,-0.0108496451150436,2018-02-16,20180216
"285",-0.013349712208436,0.021262345702414,2018-02-20,20180220
"286",-0.00926276727918509,-0.0308634128760424,2018-02-21,20180221
"287",-0.0194305565230953,0.00326566191691237,2018-02-22,20180222
"288",0.0181679586197192,0.0154894171961298,2018-02-23,20180223
"289",0.0561931703645366,0.00263951341750713,2018-02-26,20180226
"290",-0.00104554639318705,-0.00211122707231464,2018-02-27,20180227
"291",-0.0204057891617311,-0.0166376411530232,2018-02-28,20180228
"292",-0.000615189190071938,-0.0412960652073414,2018-03-01,20180301
"293",-0.003392748869117,0.0184752761670733,2018-03-02,20180302
"294",-0.0113400560740805,-0.00377009789635092,2018-03-05,20180305
"295",-0.029649226329679,0.0272512876073125,2018-03-06,20180306
"296",0.00561619958552961,-0.00132187328966183,2018-03-07,20180307
"297",-0.0107798948462494,-0.00273273050908525,2018-03-08,20180308
"298",0.0193839121962657,0.0170606361780123,2018-03-09,20180309
"299",-0.00349610425670889,0.0178959087022834,2018-03-12,20180312
"300",-0.05078184625208,-0.00824187110200246,2018-03-13,20180313
"301",0.00701036983550339,0.00414937940602485,2018-03-14,20180314
"302",-0.00383333786041559,0.00240909579702101,2018-03-15,20180315
"303",0.0121153123212833,0.00456158015561469,2018-03-16,20180316
"304",-0.0378223313450309,-0.0385817973034888,2018-03-19,20180319
"305",-0.00188677884827085,0.0349829001409665,2018-03-20,20180320
"306",-0.0252029427866775,-0.00409537461030993,2018-03-21,20180321
"307",-0.0218888218876466,-0.0273660580631894,2018-03-22,20180322
"308",-0.0351557861748958,-0.0374080370437506,2018-03-23,20180323
"309",0.0450030019148535,0.0482233368865296,2018-03-26,20180326
"310",-0.0232502033629077,-0.0807242732199076,2018-03-27,20180327
"311",-0.00255626446179768,-0.0186640956693535,2018-03-28,20180328
"312",0.0128964817350202,0.0452238122898236,2018-03-29,20180329
"313",-0.0293011154456388,-0.0465791602410434,2018-04-02,20180402
"314",0.0178654580772329,0.019266208939771,2018-04-03,20180403
"315",0.00382666895417838,0.00394122316658664,2018-04-04,20180404
"316",0.000908587109692631,-0.0217160968118799,2018-04-05,20180405
"317",-0.0355069776135781,-0.0327370575484358,2018-04-06,20180406
"318",0.00581903651925095,0.00539939698543598,2018-04-09,20180409
"319",0.0247706583252117,0.0564077432683942,2018-04-10,20180410
"320",0.00437242699375392,-0.0073539743057588,2018-04-11,20180411
"321",0.00344804864205641,0.0362856408086911,2018-04-12,20180412
"322",0.00955520329560477,-0.0133020816995659,2018-04-13,20180413
"323",-0.0173760937115084,-4.30009245265184e-05,2018-04-16,20180416
"324",0.0105343187148995,0.0257993170401958,2018-04-17,20180417
"325",-0.00217035351422778,-0.00493716777981673,2018-04-18,20180418
"326",-0.049360426738227,-0.031502019064989,2018-04-19,20180419
"327",-0.0217293822970277,-0.00144203923898225,2018-04-20,20180420
"328",-0.0178493561728692,-0.021344174870329,2018-04-23,20180423
"329",-0.0117446997705997,-0.0120432294383167,2018-04-24,20180424
"330",-0.00381225742802498,-0.0207375441948181,2018-04-25,20180425
"331",0.0143682800999923,0.0387484862871082,2018-04-26,20180426
"332",0.01260126945402,0.00491689224926956,2018-04-27,20180427
"333",-0.00195891742651084,-0.00633804302783144,2018-04-30,20180430
"334",-0.00373195508967815,0.00991072610851447,2018-05-01,20180501
"335",-0.0110801588685351,-0.00366069216508789,2018-05-02,20180502
"336",0.000994505315613528,0.0290897602196966,2018-05-03,20180503
"337",0.0424184794597261,0.0257194023344831,2018-05-04,20180504
"338",0.00985824740569688,0.0394524170770845,2018-05-07,20180507
"339",-0.00283401202113434,0.00689318730073109,2018-05-08,20180508
"340",0.0058478678416016,0.0212584298463294,2018-05-09,20180509
"341",0.0332935668903826,0.0168640000319191,2018-05-10,20180510
"342",0.00471884869994056,-0.0217631077828184,2018-05-11,20180511
"343",0.026972937501426,0.00325569447059191,2018-05-14,20180514
"344",-0.0195773926634041,-0.039132797018018,2018-05-15,20180515
"345",0.0188718020558883,0.00183132210557407,2018-05-16,20180516
"346",0.004399308834624,0.0068862353629528,2018-05-17,20180517
"347",0.00978497064726932,-0.00717064775432287,2018-05-18,20180518
"348",0.00347196574537747,-0.00693599852111827,2018-05-21,20180521
"349",-0.00556043058064941,-0.00632496045718659,2018-05-22,20180522
"350",0.0246116337019138,0.0203514962478975,2018-05-23,20180523
"351",0.00441026048854785,0.000605816456148079,2018-05-24,20180524
"352",0.0147851588667468,0.00639848595912057,2018-05-25,20180525
"353",-0.0186854915247733,-0.00277183799601806,2018-05-29,20180529
"354",0.0027442311509526,0.0175451792157489,2018-05-30,20180530
"355",-0.00463472375854273,-0.00316700968520378,2018-05-31,20180531
"356",0.00839565762824851,0.0213024823432076,2018-06-01,20180601
"357",0.00170454643495315,0.0276783946060527,2018-06-04,20180604
"358",0.00458845691224876,0.000830654910666284,2018-06-05,20180605
"359",0.0144757193833474,0.000301954407179148,2018-06-06,20180606
"360",0.0132804234990288,-0.00852221110180147,2018-06-07,20180607
"361",-0.00628672007815941,-0.00236078446003234,2018-06-08,20180608
"362",-0.00549104824928476,-0.00634911302898382,2018-06-11,20180611
"363",-0.00233873270456139,0.00749186575829547,2018-06-12,20180612
"364",-0.00957872990535333,-0.000685234719694828,2018-06-13,20180613
"365",0.00404480872087703,0.0170419574061902,2018-06-14,20180614
"366",0.00670447469754602,-0.00620118768170586,2018-06-15,20180615
"367",-0.0110872368859824,-0.000641205528333804,2018-06-18,20180618
"368",-0.00848186957039108,-0.0187343980562504,2018-06-19,20180619
"369",0.00153182615501645,0.00819135902628898,2018-06-20,20180620
"370",-0.000680231304864163,-0.0200231316054681,2018-06-21,20180621
"371",-0.00426407827368839,-0.0242506852546428,2018-06-22,20180622
"372",-0.0250983448885897,-0.048288340104193,2018-06-25,20180625
"373",-0.0105726944812397,0.011930547147906,2018-06-26,20180626
"374",-0.0229360312830577,-0.0262515771443809,2018-06-27,20180627
"375",0.0131452217496872,0.0215716498879253,2018-06-28,20180628
"376",0.00392827421781695,-0.0165776531201095,2018-06-29,20180629
"377",0.00106842902637763,0.0222907059304354,2018-07-02,20180702
"378",-0.015245626215566,-0.0225442220349277,2018-07-03,20180703
"379",0.0363801440927505,0.0245647995445834,2018-07-05,20180705
"380",0.00798503458632804,0.018773666725226,2018-07-06,20180706
"381",0.00345203486566751,0.00773302295674121,2018-07-09,20180709
"382",0.00566989571912258,0.0159205921348113,2018-07-10,20180710
"383",-0.0185010946573675,-0.0228449705326849,2018-07-11,20180711
"384",0.0176444176834114,0.0148373796542775,2018-07-12,20180712
"385",0.00119928057548219,-0.00763205014366735,2018-07-13,20180713
"386",-0.000685234719694828,-0.00450211934744361,2018-07-16,20180716
"387",0.00955124132654587,0.0218779233592579,2018-07-17,20180717
"388",-0.00254924656968172,-0.00787492599650134,2018-07-18,20180718
"389",0.00931646663734878,0.00131014138984341,2018-07-19,20180719
"390",-0.0118721964543407,-0.00453325971264225,2018-07-20,20180720
"391",0.00798701867788202,-0.00591646782952695,2018-07-23,20180723
"392",-0.00390059744882235,-0.00281094701240623,2018-07-24,20180724
"393",0.00963939142740606,0.0126259560941549,2018-07-25,20180725
"394",0.0676679942245356,0.0117230161435115,2018-07-26,20180726
"395",-0.0140968959839929,-0.0111276836610655,2018-07-27,20180727
"396",-0.0104221221291718,-0.0318075387553225,2018-07-30,20180730
"397",0.0325088156022243,0.00298553884036604,2018-07-31,20180731
"398",0.0040487925663834,0.00655347896984225,2018-08-01,20180801
"399",0.00650579137129121,0.0166978123427009,2018-08-02,20180802
"400",0.00967999728663901,0.00588763381883092,2018-08-03,20180803
"401",0.00503331160785092,0.00762684156210279,2018-08-06,20180806
"402",-0.0044217615946852,0.0114294344597136,2018-08-07,20180807
"403",-0.00428818112053708,0.00570469722871615,2018-08-08,20180808
"404",-0.00122875460983719,-0.00761391240568454,2018-08-09,20180809
"405",-0.00400300132981807,-0.00653329557352833,2018-08-10,20180810
"406",0.000307952577737096,0.00520642302736896,2018-08-13,20180813
"407",0.00905785350579176,0.0205200169694866,2018-08-14,20180814
"408",0.00381371852195771,-0.00902964481466068,2018-08-15,20180815
"409",0.00121725883976101,-0.0063501193988015,2018-08-16,20180816
"410",0.00455162561798788,-0.0502632986994855,2018-08-17,20180817
"411",0.00151285505748298,0.0122605315704981,2018-08-20,20180820
"412",0.00587769247277252,0.0218700964513267,2018-08-21,20180821
"413",0.00434853141742133,0.0368159008317016,2018-08-22,20180822
"414",0.000298955308408351,0.0151801955950296,2018-08-23,20180823
"415",0.00432762231972276,0.01996143821447,2018-08-24,20180824
"416",0.00282500591057942,0.0134274469890096,2018-08-27,20180827
"417",0.0355929870586598,-0.00552423050281525,2018-08-28,20180828
"418",-0.00834673729686735,0.0154067048617042,2018-08-29,20180829
"419",-0.0154365325745462,-0.00244498654508618,2018-08-30,20180830
"420",0.00833020728024735,0.0102779999360675,2018-08-31,20180831
"421",0.0271354800171147,0.0107025231331357,2018-09-04,20180904
"422",0.0129201739260752,-0.0187863638668345,2018-09-05,20180905
"423",-0.00750408535295448,-0.0206854768932249,2018-09-06,20180906
"424",0.00028395967963376,-0.00315798117769121,2018-09-07,20180907
"425",0.0271919257280343,0.010501663989634,2018-09-10,20180910
"426",0.00262355546670714,-0.00704979148752654,2018-09-11,20180911
"427",-0.010536312506887,-0.0170057821165239,2018-09-12,20180912
"428",0.0390870503746562,0.011639991680899,2018-09-13,20180913
"429",0.00641239656953821,0.0185852198897409,2018-09-14,20180914
"430",-0.0249455695812936,-0.00908514523420768,2018-09-17,20180917
"431",0.0200065280756303,-0.0106798268706978,2018-09-18,20180918
"432",-0.00887224219963607,0.00353574189112742,2018-09-19,20180919
"433",0.00726454915044875,-0.0211797150464206,2018-09-20,20180920
"434",-0.0121373606603461,-0.0106848805687665,2018-09-21,20180921
"435",-0.00162932663203344,0.00850473202304318,2018-09-24,20180924
"436",-0.0114816627435867,0.0101473411483358,2018-09-25,20180925
"437",-0.0135645844059154,-0.00556646405436153,2018-09-26,20180926
"438",-0.000697243017428607,0.00179638553291816,2018-09-27,20180927
"439",0.00445207479123561,0.0496802441211952,2018-09-28,20180928
"440",0.00788185640048613,0.0292461320060773,2018-10-01,20181001
"441",0.0102779999360675,-0.0100028622329168,2018-10-02,20181002
"442",-0.00972715575858225,0.000872619157134332,2018-10-03,20181003
"443",-0.00358541994306147,-0.0262905886743462,2018-10-04,20181004
"444",-0.0162970789170667,-0.034347168189353,2018-10-05,20181005
"445",-0.00393975063567088,-0.015272025987311,2018-10-08,20181008
"446",-0.0113430902924785,-0.00086537432837827,2018-10-09,20181009
"447",-0.0496956239744646,-0.077694550088056,2018-10-10,20181010
"448",-0.0372502557801558,-0.0439320340167562,2018-10-11,20181011
"449",0,0.0473853683819073,2018-10-12,20181012
"450",-0.00186874501680246,-0.0463225113306283,2018-10-15,20181015
"451",0.0299354303374045,0.0434387278852919,2018-10-16,20181016
"452",-0.00030304591377487,-0.0113319648700284,2018-10-17,20181017
"453",-0.0144762775155033,-0.014629491068607,2018-10-18,20181018
"454",0.00321781726847664,-0.0442141998819932,2018-10-19,20181019
"455",0.0115609143550947,0.00890523047051708,2018-10-22,20181022
"456",0.00392428989215421,-0.0449356523538862,2018-10-23,20181023
"457",-0.0583115490330864,-0.10307091656919,2018-10-24,20181024
"458",0.00921937069756716,0.0414058240586184,2018-10-25,20181025
"459",-0.0114573858903512,-0.0470381498432415,2018-10-26,20181026
"460",-0.00497435159802638,-0.0660286975658161,2018-10-29,20181029
"461",0.0161154458327767,0.0895042671553191,2018-10-30,20181030
"462",-0.00460056639556823,0.0378457298352839,2018-10-31,20181031
"463",0.012954724031876,0.0339472172996575,2018-11-01,20181101
"464",-0.00598185567757076,-0.0147340144446449,2018-11-02,20181102
"465",0.00220855933637608,-0.0147654750754738,2018-11-05,20181105
"466",0.00251782761011133,-0.00335863390167344,2018-11-06,20181106
"467",-0.00662288295324296,0.0128520573638028,2018-11-07,20181107
"468",-0.0851581861181559,-0.037166185142088,2018-11-08,20181108
"469",-0.023177535898914,-0.00155520871038631,2018-11-09,20181109
"470",-0.0401097482278762,-0.0816732863446721,2018-11-12,20181112
"471",-0.0060744119407783,0.0502614622317993,2018-11-13,20181113
"472",-0.00407027233107192,-0.0106939772896514,2018-11-14,20181114
"473",0.0265270265847005,0.026028305521127,2018-11-15,20181115
"474",0.00880710336014786,-0.207711982799485,2018-11-16,20181116
"475",-0.017693612831473,-0.127822007938087,2018-11-19,20181119
"476",0.000363933768071825,0.0298209038122567,2018-11-20,20181120
"477",0.00635277830526662,-0.0297512107508745,2018-11-21,20181121
"478",-0.00036206553781691,0.00200199467067294,2018-11-23,20181123
"479",0.00865047650744264,0.0540306942873842,2018-11-26,20181126
"480",-0.00287512922573178,0.00443315901373438,2018-11-27,20181127
"481",0.0192485522563236,0.0404132710041776,2018-11-28,20181128
"482",0.0254454998313389,-0.0160592624370932,2018-11-29,20181129
"483",0.00257767493959168,0.0378486184155229,2018-11-30,20181130
"484",0.0149920554192087,0.0396485062521487,2018-12-03,20181203
"485",-0.0241308204251454,-0.0790875806193046,2018-12-04,20181204
"486",0,0.00748293289324279,2018-12-06,20181206
"487",-0.019805847301364,-0.069855028752026,2018-12-07,20181207
"488",0.0220794451428793,0.0283852984212175,2018-12-10,20181210
"489",0.00192015532127014,-0.0244638137668187,2018-12-11,20181211
"490",0.00643127494560098,0.00477955968531352,2018-12-12,20181212
"491",0.00638954332166852,-6.70022446002986e-05,2018-12-13,20181213
"492",-0.00812390977604084,-0.016523768633186,2018-12-14,20181214
"493",-0.0108183074358793,-0.019791567357341,2018-12-17,20181217
"494",0.0135912195191977,0.0231323716570248,2018-12-18,20181218
"495",-0.0190452142059062,-0.059081438137099,2018-12-19,20181219
"496",-0.0056609932287498,-0.024927115083932,2018-12-20,20181220
"497",-0.0273352262200594,-0.0417943420969781,2018-12-21,20181221
"498",-0.0221208723509743,-0.0194040467399642,2018-12-24,20181224
"499",0.0421558245733145,0.0462841696435951,2018-12-26,20181226
"500",0.00232030600679091,-0.0146061523893621,2018-12-27,20181227
"501",0.0127553041259494,0.0187304841285909,2018-12-28,20181228
"502",0.00175845301486324,-0.00112262991321913,2018-12-31,20181231
"503",0.00857314534463091,0.020170206789383,2019-01-02,20190102
"504",-0.0300644400548002,-0.0623191191665052,2019-01-03,20190103
"505",0.0160288488766055,0.0620992986517461,2019-01-04,20190104
"506",-0.00283100351156505,0.0515872011927137,2019-01-07,20190107
"507",-0.00871990813376216,-0.0252101214749978,2019-01-08,20190108
"508",0.0117269695174196,0.0194761034048204,2019-01-09,20190109
"509",0.00335038119961985,0.0184153910189156,2019-01-10,20190110
"510",0.0122486777283715,0.024485761929956,2019-01-11,20190111
"511",-0.00348406230254041,0.0107599040504348,2019-01-14,20190114
"512",-0.0277823810124516,-0.00379619644447017,2019-01-15,20190115
"513",-0.00828825287034594,-0.00689672784799878,2019-01-16,20190116
"514",-0.00908716348932516,0.0191651692610109,2019-01-17,20190117
"515",0.0090875825552373,0.0337635421528053,2019-01-18,20190118
"516",-0.0178900773862856,-0.0533986670246993,2019-01-22,20190122
"517",-0.0475288100111659,0.00348890668080643,2019-01-23,20190123
"518",-0.0187180956133289,0.0556910600249352,2019-01-24,20190124
"519",0.00959779347164236,0.0145289419087097,2019-01-25,20190125
"520",-0.0129484707864275,-0.1487842714552,2019-01-28,20190128
"521",-0.024791792508537,-0.0475592220895873,2019-01-29,20190129
"522",0.0154667704513769,0.0430566158931,2019-01-30,20190130
"523",-0.0130406610083521,0.0452524853850002,2019-01-31,20190131
"524",0.00181535125238079,0.00679386931724152,2019-02-01,20190201
"525",0.00161170051269443,0.0302837820985753,2019-02-04,20190204
"526",0.0207139765971044,0.00514872255052804,2019-02-05,20190205
"527",0.00726653467202547,0.0201359050863001,2019-02-06,20190206
"528",-0.0108213400715884,-0.0371526929818114,2019-02-07,20190207
"529",-0.00515627074501571,0.00507509986674907,2019-02-08,20190208
"530",0.010680757096265,-0.0116758987895514,2019-02-11,20190211
"531",0.0161971156359044,0.0317205416681857,2019-02-12,20190212
"532",-0.00135591884261495,0.011248497770747,2019-02-13,20190213
"533",-0.00038807529147608,0.0107351713001666,2019-02-14,20190214
"534",0.00791856524429545,0.0180206483575252,2019-02-15,20190215
"535",0.000576833599505696,-0.00445892625270689,2019-02-19,20190219
"536",0.00842441475989503,0.0121202520979956,2019-02-20,20190220
"537",-0.0019088206395079,-0.0176895414354727,2019-02-21,20190221
"538",0.0146018718802009,0.0217174595009514,2019-02-22,20190222
"539",-0.00244999879753723,-0.00314594329447256,2019-02-25,20190225
"540",0.00075471513087517,-0.010070538077767,2019-02-26,20190226
"541",0.000188982141750099,-0.010815274809367,2019-02-27,20190227
"542",0.00657732191635473,-0.00639037502201434,2019-02-28,20190228
"543",0.0150570712101883,0.0140971663779564,2019-03-01,20190301
"544",-0.00777917950893852,0.00210677918142268,2019-03-04,20190304
"545",0.00297058344483284,-0.00165937600315253,2019-03-05,20190305
"546",0.0270683249350801,-0.0289747428374493,2019-03-06,20190306
"547",-0.0141506498551721,-0.018519430944881,2019-03-07,20190307
"548",-0.00929708426518812,0.00920351740394598,2019-03-08,20190308
"549",0.0152028488306268,0.0673810398506486,2019-03-11,20190311
"550",0.00897559853018645,0.00852753698361896,2019-03-12,20190312
"551",0.00997904331224868,0.0368467436700934,2019-03-13,20190313
"552",0.000180983621476299,-0.0183136763340296,2019-03-14,20190314
"553",0.0214297342120241,0.0253460575852662,2019-03-15,20190315
"554",0.00405576425783039,-0.00507686550030778,2019-03-18,20190318
"555",0.00245997178680694,0.0392322515482522,2019-03-19,20190319
"556",0.00332945122086319,-0.00748393490974478,2019-03-20,20190320
"557",0.0106154561429469,0.0532582625724555,2019-03-21,20190321
"558",-0.0165817199916788,-0.0356385766718504,2019-03-22,20190322
"559",-0.00317302873549793,-0.0211807364525394,2019-03-25,20190325
"560",0.0237272687471192,0.0176247672836726,2019-03-26,20190326
"561",-0.0189718325017666,-0.0020941912886506,2019-03-27,20190327
"562",-0.00634609392560723,0.00423999848877264,2019-03-28,20190328
"563",0.00845217948164486,0.0129478141062118,2019-03-29,20190329
"564",0.0135843139902858,0.0150344146719782,2019-04-01,20190401
"565",0.0048313104021222,0.00394221923262375,2019-04-02,20190402
"566",-0.00708302550486272,0.0302478851577184,2019-04-03,20190403
"567",0.0031161397893525,-0.0019108244628028,2019-04-04,20190404
"568",0.00224447927084616,0.0141878744233292,2019-04-05,20190405
"569",-0.00397388543399274,0.00438935268152212,2019-04-08,20190408
"570",-0.00555540271369678,-0.0132797873472312,2019-04-09,20190409
"571",-0.0195131491990073,0.0148945238063281,2019-04-10,20190410
"572",-0.00766328813027081,-0.0029192568870632,2019-04-11,20190411
"573",0.0186097592491568,-0.00802007499623609,2019-04-12,20190412
"574",0.00403086513661853,-0.0283439205092952,2019-04-15,20190415
"575",0.208698928242567,0.0188256796499589,2019-04-16,20190416
"576",0.115556558895491,-0.00489998534419212,2019-04-17,20190417
"577",0.0101908959744648,-0.00530002032745961,2019-04-18,20190418
"578",0.0257028338523164,0.0115806842727933,2019-04-22,20190422
"579",0.0563311828898651,0.0116053961202967,2019-04-23,20190423
"580",0.00126719676692804,0.00261856855485724,2019-04-24,20190424
"581",-0.0204782554815098,-0.0225360396662955,2019-04-25,20190425
"582",0.0182867730871404,-0.0483387160874537,2019-04-26,20190426
"583",0.00701632790262716,0.00693887026099485,2019-04-29,20190429
"584",-0.0129201062740774,0.00926891062031471,2019-04-30,20190430
"585",0.00278312351633644,-0.00293229497784564,2019-05-01,20190501
"586",0.00887549599934249,0.0149595459385055,2019-05-02,20190502
"587",0.0243735373010211,-0.000983483461354264,2019-05-03,20190503
"588",-0.0117153575968382,-0.0174178132271407,2019-05-06,20190506
"589",-0.0351723588091267,-0.0381962780661362,2019-05-07,20190507
"590",-0.00777615608496128,0.00466808750596686,2019-05-08,20190508
"591",-0.00903065388570486,-0.0216803290752942,2019-05-09,20190509
"592",0.0242905805668143,-0.00808257619335598,2019-05-10,20190510
"593",-0.0229790066520385,-0.0633935768365198,2019-05-13,20190513
"594",0.0263517233095864,0.0224041423802309,2019-05-14,20190514
"595",0.00150786260357701,-0.0152974110404916,2019-05-15,20190515
"596",-0.0408167862004851,0.00381571090706168,2019-05-16,20190516
"597",-0.0159454557559085,-0.0231130607394819,2019-05-17,20190517
"598",-0.0617445612145114,-0.0310129690297576,2019-05-20,20190520
"599",0.0146403058061276,0.0215775218268101,2019-05-21,20190521
"600",-0.114909293810739,-0.0186162113659718,2019-05-22,20190522
"601",-0.015338028465982,-0.0325882764681553,2019-05-23,20190523
"602",-0.0304190021073886,-0.0148395636966626,2019-05-24,20190524
"603",-0.0127681672276787,-0.0126182766576417,2019-05-28,20190528
"604",0.00594827388970878,-0.0210816649161703,2019-05-29,20190529
"605",0.0125430065669195,-0.00765321125377991,2019-05-30,20190530
"606",0.00344804864205641,-0.0265883583814566,2019-05-31,20190531
"607",-0.00239687019975386,-0.0124795466245443,2019-06-03,20190603
"608",0.026498785355913,0.0666478574227857,2019-06-04,20190604
"609",-0.0119035671778686,-0.0121009217168286,2019-06-05,20190605
"610",0.00846903625804451,0.0175402661644738,2019-06-06,20190606
"611",0.0161439818233047,0.0118920089320723,2019-06-07,20190607
"612",0.0265766902593845,0.0199369320023892,2019-06-10,20190610
"613",0.00987409032317026,0.0155091096007701,2019-06-11,20190611
"614",-0.0234334306927489,-0.0306468539551858,2019-06-12,20190612
"615",0.00487410224122745,0.0139916586267364,2019-06-13,20190613
"616",-0.0174544464320923,-0.0247200379664437,2019-06-14,20190614
"617",0.0056589578516785,0.00269237231070416,2019-06-17,20190617
"618",0.0404113502174233,0.0527129362190627,2019-06-18,20190618
"619",-0.00222547453243721,0.00156876883844738,2019-06-19,20190619
"620",0.013007040491189,0.00637960696403899,2019-06-20,20190620
"621",-0.000275037819433747,-0.0153014727088015,2019-06-21,20190621
"622",0.00603276621760728,0.00591248675160247,2019-06-24,20190624
"623",-0.00837295556394221,-0.00776003131146359,2019-06-25,20190625
"624",0.0325455994545045,0.0500845641674208,2019-06-26,20190626
"625",0.00638358151893864,0.0246223662207141,2019-06-27,20190627
"626",0.00844920472690101,0.00610731234355424,2019-06-28,20190628
"627",0.0188816150592956,0.0117437711821686,2019-07-01,20190701
"628",-0.00660073701148591,-0.023996629842562,2019-07-02,20190702
"629",-0.00494621236509999,0.00319987493513544,2019-07-03,20190703
"630",0.000391923188072809,-0.0156051291304976,2019-07-05,20190705
"631",-0.000391076460431366,-0.0190278874845852,2019-07-08,20190708
"632",-0.00104454534759501,0.000635797837712349,2019-07-09,20190709
"633",-0.0290262140917945,0.0173299649415931,2019-07-10,20190710
"634",-0.0087794266291522,0.0381239580911098,2019-07-11,20190711
"635",0.0160150713966835,0.0079671775851928,2019-07-12,20190712
"636",0.00705108258669321,-0.00203005917647763,2019-07-15,20190715
"637",0.00317694815181708,-0.00113664573708457,2019-07-16,20190716
"638",0.00118829369930569,0.0156183953985002,2019-07-17,20190717
"639",-0.0185173935629982,0.0027651733818096,2019-07-18,20190718
"640",0.00843532242108928,-0.0102766240810139,2019-07-19,20190719
"641",0.0125874446693409,0.0169534742724925,2019-07-22,20190722
"642",-0.0243900333720806,0.0250174378777058,2019-07-23,20190723
"643",0.0233355946969639,0.0169338102906141,2019-07-24,20190724
"644",-0.00687759654026759,-0.0299984888895532,2019-07-25,20190725
"645",-0.001726489525701,0.00969980442453785,2019-07-26,20190726
"646",-0.00332953676086675,-0.00142902056369233,2019-07-29,20190729
"647",-0.00213628022257417,0.00359752115384147,2019-07-30,20190730
"648",-0.0223028703004211,-0.0391130389503564,2019-07-31,20190731
"649",-0.0271564202733604,-0.0227805168112018,2019-08-01,20190801
"650",-0.000702246517376864,-0.0228766873810355,2019-08-02,20190802
"651",-0.0335867736372799,-0.066695512438268,2019-08-05,20190805
"652",-0.00919918303533925,0.0102928464454306,2019-08-06,20190806
"653",0.0178821569219188,0.0100572558295584,2019-08-07,20190807
"654",0.0264481439138677,0.0280012792524837,2019-08-08,20190808
"655",0.00336234099080216,-0.026118128155059,2019-08-09,20190809
"656",-0.0240632107053004,-0.0178656444592502,2019-08-12,20190812
"657",0.0335285821311871,0.0299208726084875,2019-08-13,20190813
"658",-0.0181751723197378,-0.0390745638336135,2019-08-14,20190814
"659",0.00394221923262375,-0.00870074191472701,2019-08-15,20190815
"660",0.0293568401009914,0.0700184787053545,2019-08-16,20190816
"661",0.0214659490915475,0.0679558005814362,2019-08-19,20190819
"662",0.0159009078316644,-0.0171858340879436,2019-08-20,20190820
"663",0.00824789242787415,0.0198173330704021,2019-08-21,20190821
"664",0.00584985617802023,0.00145893523624408,2019-08-22,20190822
"665",-0.0481938919750353,-0.0541573920022007,2019-08-23,20190823
"666",-0.00833161168623357,0.0183604113319325,2019-08-26,20190826
"667",0.0144333364575491,-0.0223079830806846,2019-08-27,20190827
"668",0.00512385062848935,-0.00259937545104618,2019-08-28,20190828
"669",0.0278534654858907,0.0352242764893806,2019-08-29,20190829
"670",0.0171186364562333,0.00304934601510554,2019-08-30,20190830
"671",-0.0346690875352933,-0.0201404643566936,2019-09-03,20190903
"672",0.0258870209518464,0.0275752829691322,2019-09-04,20190904
"673",0.0243481630305302,0.0630339523413821,2019-09-05,20190905
"674",-0.00190080538648134,-0.00608246071635836,2019-09-06,20190906
"675",-0.00802309915777468,0.0103017542452486,2019-09-09,20190909
"676",0.00637265145495296,0.0147388475849652,2019-09-10,20190910
"677",0.0227355768934189,0.00625837545045423,2019-09-11,20190911
"678",-0.0103160277121141,-0.000325052823945518,2019-09-12,20190912
"679",-0.00850809138068594,-0.0127246156248462,2019-09-13,20190913
"680",-0.00473016963402222,-0.00955449920485266,2019-09-16,20190916
"681",0.0082945052847996,0.00476065010148802,2019-09-17,20190917
"682",0.00266544454443555,-0.00603819325233361,2019-09-18,20190918
"683",-0.00852826247188205,-0.0170352799364845,2019-09-19,20190919
"684",-0.0231468329235886,-0.024312159971648,2019-09-20,20190920
"685",0.0104116105859258,0.0123731360631414,2019-09-23,20190923
"686",-0.026367589581455,-0.0133000549197239,2019-09-24,20190924
"687",0.0266263514677101,0.0325039755209302,2019-09-25,20190925
"688",0.0011643219140957,-0.00500651169097185,2019-09-26,20190926
"689",-0.00935159013417152,-0.0319706584297752,2019-09-27,20190927
"690",-0.00457746060570833,0.013359364972848,2019-09-30,20190930
"691",-0.0106757839306313,-0.000402080823661481,2019-10-01,20191001
"692",-0.0198048272985997,-0.00553227485130855,2019-10-02,20191002
"693",0.0232447356539598,0.0466850929179794,2019-10-03,20191003
"694",0.0229740635598214,0.00363339123242086,2019-10-04,20191004
"695",-0.0149522295172706,0.0128856226265233,2019-10-07,20191007
"696",-0.0467950058221813,-0.039279434877368,2019-10-08,20191008
"697",0.0203808914417856,0.0194457008604192,2019-10-09,20191009
"698",0.00830442263361472,0.0127562914511619,2019-10-10,20191010
"699",0.0228137755101253,0.0160426261667113,2019-10-11,20191011
"700",-0.0052286455742879,0.0028987944327087,2019-10-14,20191014
"701",0.0197251733163056,0.0514086377352509,2019-10-15,20191015
"702",0.0052551673875815,-0.0110609473594249,2019-10-16,20191016
"703",0.00941454378054926,0.000411915151304387,2019-10-17,20191017
"704",-0.0164698870496441,-0.0197517885884887,2019-10-18,20191018
"705",0.0165965128072644,0.0285660766427938,2019-10-21,20191021
"706",-0.0064779365982391,-0.00204308567889692,2019-10-22,20191022
"707",-0.015799151908974,-0.00266153875406318,2019-10-23,20191023
"708",0.0224041423802309,0.00903208761467713,2019-10-24,20191024
"709",0.0148285121655947,0.0382702616172859,2019-10-25,20191025
"710",0.0352937820730239,0.0109399400383343,2019-10-28,20191028
"711",-0.0168786462981751,-0.0188923417318261,2019-10-29,20191029
"712",-0.00269763534855387,0.000393922402381644,2019-10-30,20191030
"713",-0.0123550097774235,-0.00980188187226334,2019-10-31,20191031
"714",0.0382923977864879,0.00777965981882326,2019-11-01,20191101
"715",0.0179047490326563,0.0383010596323563,2019-11-04,20191104
"716",0.00433857475875635,-0.004236963265379,2019-11-05,20191105
"717",-0.00975946906843742,-0.00949089640933689,2019-11-06,20191106
"718",0.0612982772126189,0.00341416509978784,2019-11-07,20191107
"719",0.0440264547489785,-0.00269161915898778,2019-11-08,20191108
"720",-0.0235654980227084,0.00192314956184836,2019-11-11,20191111
"721",-0.00951815425492894,0.00684551589968933,2019-11-12,20191112
"722",-0.00551115857452964,-0.00497435159802638,2019-11-13,20191113
"723",0.000110993839955811,0.00583196100792609,2019-11-14,20191114
"724",0.00364036582050906,-0.0270557275484274,2019-11-15,20191115
"725",-0.00364061901854118,0.0388552617686733,2019-11-18,20191118
"726",-0.0282472227381034,-0.0204159953679211,2019-11-19,20191119
"727",-0.0269632635682187,0.0152205770918393,2019-11-20,20191120
"728",-0.00597481370388661,-0.00474624562523304,2019-11-21,20191121
"729",-0.00258834688153666,0.00337230737419114,2019-11-22,20191122
"730",0.00470093327864417,0.0477753637193022,2019-11-25,20191125
"731",-0.0077680936657114,-0.0192154397245495,2019-11-26,20191126
"732",0.00200698465826288,0.00643127494560098,2019-11-27,20191127
"733",-0.0148507282113691,-0.00689672784799878,2019-11-29,20191129
"734",-0.0132534401170836,-0.0351692514192875,2019-12-02,20191202
"735",-0.0229411473015675,-0.00762801950679648,2019-12-03,20191203
"736",0.0259688709967634,0.00843928881384359,2019-12-04,20191204
"737",0.00613414758856909,-0.00325228294341121,2019-12-05,20191205
"738",0.0148432912697151,0.016298455636119,2019-12-06,20191206
"739",0.0130376394157871,0,2019-12-09,20191209
"740",-0.00952522122507161,0.00849481666057726,2019-12-10,20191210
"741",0.0336078752236398,0.0155799990467397,2019-12-11,20191211
"742",0.0234049546463102,0.0304952568349228,2019-12-12,20191212
"743",-0.0137947110221893,-0.000357063739670545,2019-12-13,20191213
"744",0.0068077744287607,0.00516563510417,2019-12-16,20191216
"745",-0.00124477441031093,0.0138496493130537,2019-12-17,20191217
"746",-0.0038574303273047,0.00532977150088906,2019-12-18,20191218
"747",0.00578026205094109,0.0255946446614806,2019-12-19,20191219
"748",0.00405974805969192,0.0164696280396105,2019-12-20,20191220
"749",-0.00451216452058728,-0.00230064445408045,2019-12-23,20191223
"750",0.00361147078173533,-0.000838351318283532,2019-12-24,20191224
"751",-0.00417671032351082,0.00238615087630209,2019-12-26,20191226
"752",0.00451479296713279,-0.00974634166037828,2019-12-27,20191227
"753",-0.00417570613857016,-0.0193958900249995,2019-12-30,20191230
"754",-0.00226456218650644,0.0127454308202085,2019-12-31,20191231
"755",0.00520045416691399,0.01940254727484,2020-01-02,20200102
"756",-0.0190095418715813,-0.0161354795094494,2020-01-03,20200103
"757",-0.00587824306792411,0.00418522969522095,2020-01-06,20200106
"758",0.0280392016312131,0.0120342965014183,2020-01-07,20200107
"759",-0.00292627737636122,0.00187424250969125,2020-01-08,20200108
"760",0.0134363269102745,0.0109231248623409,2020-01-09,20200109
"761",0.00388544188497726,0.00533474491055433,2020-01-10,20200110
"762",0.00783522430439956,0.0308705628664812,2020-01-13,20200113
"763",-0.00451718714499898,-0.0188281422609911,2020-01-14,20200114
"764",-0.00987661357035369,-0.00693901940600592,2020-01-15,20200115
"765",0.0233668561147108,0.0135892465158031,2020-01-16,20200116
"766",0.0439068315141758,0.00140501250750128,2020-01-17,20200117
"767",-0.0143869983231771,-0.00538949728443817,2020-01-21,20200121
"768",-0.0167464421911129,0.00847399407937955,2020-01-22,20200122
"769",-0.0104878052666667,0.0111753228183028,2020-01-23,20200123
"770",-0.0258748862004728,-0.00945657277175481,2020-01-24,20200124
"771",-0.0294308704251682,-0.0419069578801991,2020-01-27,20200127
"772",0.0238376130360598,0.031835819519418,2020-01-28,20200128
"773",-0.0103736204275609,-0.00984833605481441,2020-01-29,20200129
"774",-0.00511304938682301,0.00109939544330106,2020-01-30,20200130
"775",-0.0285424888629877,-0.0389071623154834,2020-01-31,20200131
"776",0.0136218005740392,0.0163604352350127,2020-02-03,20200203
"777",0.0279361271929019,0.0279011183628935,2020-02-04,20200204
"778",0.0220207536692663,0.0145821616015855,2020-02-05,20200205
"779",-0.00330545700872648,0.0138023083933291,2020-02-06,20200206
"780",-0.0358406719340261,-0.0104979107476775,2020-02-07,20200207
"781",0.0134077135483258,0.0442388703456747,2020-02-10,20200210
"782",0.01567746383028,0.0185361393642947,2020-02-11,20200211
"783",0.0189306786319579,0.0172090708559678,2020-02-12,20200212
"784",-0.0185978733037951,-0.00647894309770935,2020-02-13,20200213
"785",-0.00478744153237521,0.0678502189080742,2020-02-14,20200214
"786",-0.0176773273469285,0.0231265088410557,2020-02-18,20200218
"787",0.0283347524272684,0.0593362628265297,2020-02-19,20200219
"788",-0.0121090191450855,-0.0192500999675213,2020-02-20,20200220
"789",-0.0276507836672381,-0.0485517925821964,2020-02-21,20200221
"790",-0.0435642928522424,-0.0733204361877473,2020-02-24,20200224
"791",-0.0379158049164851,-0.0419611848178609,2020-02-25,20200225
"792",-0.00700548118245298,0.0211448633491074,2020-02-26,20200226
"793",-0.0478235315093517,-0.057239358292333,2020-02-27,20200227
"794",0.0306038870181201,0.066874228747557,2020-02-28,20200228
"795",0.0284543090182596,0.0232759999121739,2020-03-02,20200302
"796",-0.0251393623681944,-0.0388749329421495,2020-03-03,20200303
"797",0.0479650619614447,0.0676857509102787,2020-03-04,20200304
"798",-0.032680228828632,-0.0402346670308168,2020-03-05,20200305
"799",-0.0217068992717108,-0.0268872440332162,2020-03-06,20200306
"800",-0.0643753344532425,-0.0805941930469777,2020-03-09,20200309
"801",0.0825389740219448,0.0617740785848696,2020-03-10,20200310
"802",-0.0556459111901591,-0.0575867408529856,2020-03-11,20200311
"803",-0.107417073368146,-0.130527907604748,2020-03-12,20200312
"804",0.123239234605105,0.10742019306528,2020-03-13,20200313
"805",-0.16187560706227,-0.203979608325594,2020-03-16,20200316
"806",0.0657203225351235,0.100987668683384,2020-03-17,20200317
"807",-0.118091208136645,-0.0688218146894282,2020-03-18,20200318
"808",0.0604034208827239,0.0488320680533567,2020-03-19,20200319
"809",-0.0649898229589203,-0.0344889655487441,2020-03-20,20200320
"810",0.0262494488721162,0.0331736201311228,2020-03-23,20200323
"811",0.0457932970934733,0.158339608288699,2020-03-24,20200324
"812",-0.037035422640851,-0.0143900418007764,2020-03-25,20200325
"813",0.0894128245382408,0.0462240172862492,2020-03-26,20200326
"814",-0.0352624773150229,-0.0176875057436886,2020-03-27,20200327
"815",0.0359866430277277,0.0496317147283122,2020-03-30,20200330
"816",-0.0201935236862197,-0.00752121354893766,2020-03-31,20200331
"817",-0.0262084609081343,-0.0810831654286971,2020-04-01,20200401
"818",0.031663382175262,0.0497554124530978,2020-04-02,20200402
"819",-0.041881931054569,-0.0463057528765115,2020-04-03,20200403
"820",0.0840561813639038,0.0956792026161217,2020-04-06,20200406
"821",0.0247784625636937,-0.0355349539166151,2020-04-07,20200407
"822",0.00821615477134056,0.030117869235436,2020-04-08,20200408
"823",-0.0241543824621973,-0.0150973942871526,2020-04-09,20200409
"824",0.0237448465288036,0.0259026119531106,2020-04-13,20200413
"825",0.0563623748627552,0.0509316790125913,2020-04-14,20200414
"826",-0.0203210816704255,-0.0110134257383423,2020-04-15,20200415
"827",0.0112534418311753,0.0481728308012504,2020-04-16,20200416
"828",-0.00888737598990926,-0.00810878753540841,2020-04-17,20200417
"829",-0.0247220880247678,-0.0181924842724705,2020-04-20,20200420
"830",-0.033803970230009,-0.0630505620313222,2020-04-21,20200421
"831",0.0387706118728959,0.0599109554524593,2020-04-22,20200422
"832",-0.0117183929541985,-0.00750710795445719,2020-04-23,20200423
"833",0.0297655769786798,0.0194564889658466,2020-04-24,20200424
"834",-0.000789311424320007,0.0255351843563344,2020-04-27,20200427
"835",-0.0091224836132722,-0.0194417724121356,2020-04-28,20200428
"836",0.0477210214113711,0.0240768132687852,2020-04-29,20200429
"837",-0.00380623452896278,-0.0209233750994407,2020-04-30,20200430
"838",-0.0392763146990186,-0.0330429548582013,2020-05-01,20200501
"839",0.000528860128825729,0.0296325859272283,2020-05-04,20200504
"840",0.0254396505611816,0.00839268270536102,2020-05-05,20200505
"841",0.0158467740000242,0.0136938103318857,2020-05-06,20200506
"842",-0.000507128567957841,0.0234967759113983,2020-05-07,20200507
"843",0.0217086528121734,0.0247189537068558,2020-05-08,20200508
"844",-0.000993493351125507,0.0318706908731855,2020-05-11,20200511
"845",-0.0259292769446183,-0.0331514882160354,2020-05-12,20200512
"846",-0.00537039479000371,-0.00288816674118272,2020-05-13,20200513
"847",0.0236911356699686,0.031690509121622,2020-05-14,20200514
"848",-0.0526974376301664,0.0557307841503474,2020-05-15,20200515
"849",0.0535739417331901,0.030105254850865,2020-05-18,20200518
"850",-0.0234139803890421,0.0062941502125558,2020-05-19,20200519
"851",0.0320091956322077,0.0185086532178015,2020-05-20,20200520
"852",-0.0331618253406816,-0.0219501515766528,2020-05-21,20200521
"853",0.00893397295225401,0.0282015709400759,2020-05-22,20200522
"854",-0.00867754119368791,-0.0347757267588539,2020-05-26,20200526
"855",0.0161469337758491,-0.0223284344631476,2020-05-27,20200527
"856",-0.0149938480308155,-0.00449709679871103,2020-05-28,20200528
"857",0.034848669684454,0.0447591935699507,2020-05-29,20200529
"858",-0.0143210585829456,-0.00783259483985665,2020-06-01,20200601
"859",0.0596424926265899,0.00215567486249706,2020-06-02,20200602
"860",0.00153482155856967,-0.00633703667016686,2020-06-03,20200603
"861",0.0226866996525098,0.000113993502493753,2020-06-04,20200604
"862",0.0287555671132048,0.0173584662961464,2020-06-05,20200605
"863",0.0313494311180403,-0.0129758230424585,2020-06-08,20200608
"864",-0.0178890593357404,0.027003112061257,2020-06-09,20200609
"865",0.0139413659678269,0.034843840915032,2020-06-10,20200610
"866",-0.079914799187509,-0.0628407631446167,2020-06-11,20200611
"867",0.0144155942343102,0.0153712546239871,2020-06-12,20200612
"868",0.0134008067520875,0.0266497205947575,2020-06-15,20200615
"869",0.0355900919554854,-0.0115393226321976,2020-06-16,20200616
"870",0.00468102687853668,0.0183024830343847,2020-06-17,20200617
"871",-0.000222024645647679,-0.0019509017719374,2020-06-18,20200618
"872",-0.0124208200000022,0.00468102687853668,2020-06-19,20200619
"873",0.00359652474440296,0.0282647614482993,2020-06-22,20200622
"874",0.00246495948962546,-0.00808862490361971,2020-06-23,20200623
"875",-0.00235276558359716,-0.0229595651849234,2020-06-24,20200624
"876",-0.00202104092805185,0.0271841403021569,2020-06-25,20200625
"877",-0.0106232271971414,-0.0359381068056292,2020-06-26,20200626
"878",0.0111852116382995,0.00490296081976539,2020-06-29,20200629
"879",0.0244155010277771,0.0318513180489953,2020-06-30,20200630
"880",-0.0158021996874736,0.00339024661398629,2020-07-01,20200701
"881",0.0230121770588946,0.00859396586136719,2020-07-02,20200702
"882",0.0113641823790388,0.023341456287233,2020-07-06,20200706
"883",-0.00842942801246146,0.00329755707752219,2020-07-07,20200707
"884",0.0149733379684856,0.0342777475717976,2020-07-08,20200708
"885",-0.0029984909842447,0.0282764269516563,2020-07-09,20200709
"886",-0.007967657649308,-0.00283501485966884,2020-07-10,20200710
"887",-0.0128370434015129,-0.0416004224166506,2020-07-13,20200713
"888",0.0114314117290257,0.0317951347363929,2020-07-14,20200714
"889",0.00183830927364004,-0.0145361396196131,2020-07-15,20200715
"890",-0.0146944363471589,-0.00908514523420768,2020-07-16,20200716
"891",0.0112306989508082,0.00656440705756111,2020-07-17,20200717
"892",0.0101404117965419,0.0298636101518251,2020-07-20,20200720
"893",-0.00927286038811501,-0.0174910809790848,2020-07-21,20200721
"894",0.00313707423314259,0.0106174350223669,2020-07-22,20200722
"895",-0.0321523926914172,-0.030047951855713,2020-07-23,20200723
"896",-0.0087370571674398,0.00637165780684833,2020-07-24,20200724
"897",0.0419688566224324,0.0220227101072189,2020-07-27,20200727
"898",-0.0135757346950882,-0.0199649804747438,2020-07-28,20200728
"899",0.0171294496953736,0.0241783340303561,2020-07-29,20200729
"900",0.141680969429538,0.0140892783329787,2020-07-30,20200730
"901",-0.014849713250336,7.09974796192295e-05,2020-07-31,20200731
"902",0.0369932341629295,0.0365816569827849,2020-08-03,20200803
"903",0.0123336271588169,0.0195614217378696,2020-08-04,20200804
"904",0.00395815615428816,0.00524124066996939,2020-08-05,20200805
"905",-0.00296739837490528,0.00430969988800667,2020-08-06,20200806
"906",-0.0256275995544872,-0.0120705569448201,2020-08-07,20200807
"907",-0.0176142235992574,-0.00308575605194299,2020-08-10,20200810
"908",0.0229574495286854,-0.0286186343379254,2020-08-11,20200811
"909",0.061991217011469,0.0529728331723327,2020-08-12,20200812
"910",-0.0207681732857185,0.000239971204607189,2020-08-13,20200813
"911",0.00290577414617142,0.0105184862540004,2020-08-14,20200814
"912",-0.0138099194922935,0.0647056946632987,2020-08-17,20200817
"913",-0.00133789458195966,-0.00620018146175722,2020-08-18,20200818
"914",-0.00887627785464811,-0.0100210433532379,2020-08-19,20200819
"915",-0.00342786843367815,0.000205978784913417,2020-08-20,20200820
"916",0.0209255260211276,0.0437134901147772,2020-08-21,20200821
"917",0.0254260021310921,0.00289281178239443,2020-08-24,20200824
"918",0.000344940501184374,0.00233626879752606,2020-08-25,20200825
"919",0.000775699067672371,0.00180237474634475,2020-08-26,20200826
"920",-0.000172014793696318,-0.0113977077980095,2020-08-27,20200827
"921",0.0186156486058135,0.0403143456883882,2020-08-28,20200828
"922",0.00758515980233246,0.017098975721865,2020-08-31,20200831
"923",0.0241392888032885,0.0331291200938709,2020-09-01,20200901
"924",0.0148068357511093,0.0373169791241041,2020-09-02,20200902
"925",-0.0563566177173275,-0.0973647890691214,2020-09-03,20200903
"926",-0.00395882582051251,-0.0306602586219691,2020-09-04,20200904
"927",-0.0549441612253004,-0.0578505356539439,2020-09-08,20200908
"928",0.0379862977298085,0.0651517705616992,2020-09-09,20200909
"929",-0.0139539044694336,-0.0322288135514576,2020-09-10,20200910
"930",0.00867823495344723,-0.0120320962238388,2020-09-11,20200911
"931",0.000352937710158493,0.0565523413262123,2020-09-14,20200914
"932",0.0271276941517692,0.00918270957465261,2020-09-15,20200915
"933",-0.0174788693142989,-0.0373685893938911,2020-09-16,20200916
"934",0.00278910682291107,-0.0040833254376362,2020-09-17,20200917
"935",-0.0371547686869284,-0.0222496989352338,2020-09-18,20200918
"936",0.0110507153070777,0.0265533194255997,2020-09-21,20200921
"937",0.0168335179679075,0.00958095571187625,2020-09-22,20200922
"938",-0.0289695958577227,-0.0415222396346486,2020-09-23,20200923
"939",0.0145447110018787,0.0183280111722853,2020-09-24,20200924
"940",0.0203808914417856,0.041696492035817,2020-09-25,20200925
"941",0.0340844682787528,0.0124481986812027,2020-09-28,20200928
"942",-0.00924359065286782,0.0145279563321302,2020-09-29,20200929
"943",0.00255273898758318,0.0227805418452016,2020-09-30,20200930
"944",0.0155150172465436,0.00618880974909954,2020-10-01,20201001
"945",-0.0344734393101769,-0.0414086248875406,2020-10-02,20201002
"946",0.0428046677241152,0.043463622347137,2020-10-05,20201005
"947",-0.00816423686909808,0.00686637241727739,2020-10-06,20201006
"948",0.0287769432714049,0.016426345831739,2020-10-07,20201007
"949",-0.00562378387029009,-0.00901047265828191,2020-10-08,20201008
"950",0.0204690718393403,-0.00550713647712661,2020-10-09,20201009
"951",0.0144698055945604,0.033105901896995,2020-10-12,20201012
"952",0.00605960346313341,0.0015627782257373,2020-10-13,20201013
"953",0.0188080151864429,-0.0107960683883566,2020-10-14,20201014
"954",-0.010059426803915,-0.00892571595034306,2020-10-15,20201015
"955",0.00349388925425584,-0.0114108569022775,2020-10-16,20201016
"956",-0.00473921234727827,-0.0229790066520385,2020-10-19,20201019
"957",-0.000934436449783885,0.0108865261489299,2020-10-20,20201020
"958",0.0019471031637227,-0.00888838491740422,2020-10-21,20201021
"959",-0.00132287461291054,-0.0121808866942355,2020-10-22,20201022
"960",0.00388743412718615,0.0170124638982007,2020-10-23,20201023
"961",-0.0210142610279617,-0.0335960810951909,2020-10-26,20201026
"962",-0.00230064445408045,0.0192563997096779,2020-10-27,20201027
"963",-0.0349952529972629,-0.059174798318625,2020-10-28,20201028
"964",0.039195712840776,0.0309568536383185,2020-10-29,20201029
"965",-0.0246605881031609,-0.0383490131941098,2020-10-30,20201030
"966",0.00493281364533752,0.0037230608001241,2020-11-02,20201102
"967",0.0118673041663735,0.0342806464768329,2020-11-03,20201103
"968",0.0276725583821674,0.0578037055944338,2020-11-04,20201104
"969",0.119977958383452,0.0261695701318979,2020-11-05,20201105
"970",-0.00275479095470711,0.0279944725194577,2020-11-06,20201106
"971",-0.0166894981152642,-0.0660874534474304,2020-11-09,20201109
"972",-0.0176854700560486,-0.0652299601264236,2020-11-10,20201110
"973",0.0526873222790065,0.0494984846797906,2020-11-11,20201111
"974",-0.0259272244099947,0.00288383773981261,2020-11-12,20201112
"975",0.0024290474740598,-0.0119420229557527,2020-11-13,20201113
"976",0.0327991776179442,0.0162797626221405,2020-11-16,20201116
"977",-0.00221645452154306,-0.00690478324496376,2020-11-17,20201117
"978",-0.0114270406525787,0.000483882909779517,2020-11-18,20201118
"979",0.00325868471491976,0.00085563384093984,2020-11-19,20201119
"980",-0.0102190369514184,-0.0265770620504535,2020-11-20,20201120
"981",-0.0152496876735482,0.00398405311030171,2020-11-23,20201123
"982",0.0145644220186624,-0.0139670872286158,2020-11-24,20201124
"983",-0.0127580387786886,0.0211517168654752,2020-11-25,20201125
"984",-0.00173650685568201,0.00199999866866513,2020-11-27,20201127
"985",0.0229564722241403,0.0105204653253211,2020-11-30,20201130
"986",0.0274118389702275,-0.000858368292678507,2020-12-01,20201201
"987",-0.00417369777171378,0.0114729334814867,2020-12-02,20201202
"988",-0.000467109078461078,-0.010726321856323,2020-12-03,20201203
"989",0.0501520934654127,0.0120392366783456,2020-12-04,20201204
"990",0.00253478471710952,0.0035706177505095,2020-12-07,20201207
"991",0.00492385789124065,-0.0190492911251414,2020-12-08,20201208
"992",-0.0176610421275968,-0.0319087111159458,2020-12-09,20201209
"993",-0.00173249991164799,0.00320386214814345,2020-12-10,20201210
"994",-0.0764966689735726,0.00315601454275739,2020-12-11,20201211
"995",0.0138348555163881,0.0224540112300553,2020-12-14,20201214
"996",0.0140508232226596,0.00388046126209056,2020-12-15,20201215
"997",0.00925900283209949,-0.0088712332884278,2020-12-16,20201216
"998",-0.00140298372155927,0.00742933402714375,2020-12-17,20201217
"999",-0.0142115067815712,-0.00520452004917957,2020-12-18,20201218
"1000",-0.00421487009849338,0.00452972528639611,2020-12-21,20201221
"1001",-0.00313892126284834,-0.00405822346085416,2020-12-22,20201222
"1002",0.00422804918964878,-0.020467027961429,2020-12-23,20201223
"1003",0.012375111467383,-0.00119170980414051,2020-12-24,20201224
"1004",-0.00708201839720036,-0.00724115398911771,2020-12-28,20201228
"1005",0.0050631605423954,0.00334739122947473,2020-12-29,20201229
"1006",0.00978398038403268,0.0155238786497665,2020-12-30,20201230
"1007",0.0158133079837762,-0.00692693592120931,2020-12-31,20201231
"1008",-0.0255301382170661,0.00447099021093697,2021-01-04,20210104
"1009",0.0261208604513262,0.0219669501255564,2021-01-05,20210105
"1010",-0.00816826966785035,-0.0607621937790234,2021-01-06,20210106
"1011",0.0293937400758453,0.0562196399963079,2021-01-07,20210107
"1012",0.00601885032526044,-0.00505274363665151,2021-01-08,20210108
"1013",-0.00338973867811539,0.0256346077979293,2021-01-11,20210111
"1014",-0.010690945040162,-0.010089730568857,2021-01-12,20210112
"1015",0.0190474402534286,0.00347894145942889,2021-01-13,20210113
"1016",0.0215550125405053,-0.0248030686904219,2021-01-14,20210114
"1017",-0.023653552600221,-0.0261530284787117,2021-01-15,20210115
"1018",0.0416437367975694,0.012806643744448,2021-01-19,20210119
"1019",0.00505520091363243,0.0258061387314199,2021-01-20,20210120
"1020",0.000910585291347383,0.036852526596389,2021-01-21,20210121
"1021",-0.0142439653233943,-0.011239932031433,2021-01-22,20210122
"1022",0.0121172882348965,-0.00433036250047704,2021-01-25,20210125
"1023",-0.011316794038884,-0.0160958459068564,2021-01-26,20210126
"1024",-0.0561778359401096,-0.039279434877368,2021-01-27,20210127
"1025",0.0121597694332678,0.0102621634164591,2021-01-28,20210128
"1026",0.00468202220795354,-0.00470404669949076,2021-01-29,20210129
"1027",0.0333516004802406,0.018855119729096,2021-02-01,20210201
"1028",0.0196104519689392,0.0238688587641855,2021-02-02,20210202
"1029",-0.0151644005197725,-0.00193787647028884,2021-02-03,20210203
"1030",-0.0924366124565127,0.00983646298432967,2021-02-04,20210204
"1031",-0.0144996131638016,-0.00537542172684471,2021-02-05,20210205
"1032",0.0105046326450854,0.0605079091234205,2021-02-08,20210208
"1033",-0.00865434101090978,-0.0122294761327233,2021-02-09,20210209
"1034",-0.00418373964633108,0.0345221923717272,2021-02-10,20210210
"1035",0.000411915151304387,0.0324197543561018,2021-02-11,20210211
"1036",0.0164883175048021,-0.0191654903110624,2021-02-12,20210212
"1037",-0.00555640828506498,0.0243647539725593,2021-02-16,20210216
"1038",-0.0165125854242658,-0.0280641398061668,2021-02-17,20210217
"1039",-0.00581990282762624,-0.0051793899127669,2021-02-18,20210218
"1040",0.00713151022345982,0.00655347896984225,2021-02-19,20210219
"1041",-0.038542303325276,-0.0389872204148325,2021-02-22,20210222
"1042",-0.0169213621300928,-0.0150009538037994,2021-02-23,20210223
"1043",0.028612723782458,0.0249306330417441,2021-02-24,20210224
"1044",-0.0402763100997504,-0.0857518069447748,2021-02-25,20210225
"1045",0.00485817991035708,0.0301256318545438,2021-02-26,20210226
"1046",0.0239420871141343,0.00923522373986519,2021-03-01,20210301
"1047",-0.0177200773095288,-0.0319685934574872,2021-03-02,20210302
"1048",-0.0351247132259668,-0.0459046811824505,2021-03-03,20210303
"1049",-0.02975636175514,-0.0345220889967324,2021-03-04,20210304
"1050",0.015142767385778,0.00734992301855235,2021-03-05,20210305
"1051",-0.0518007915635132,-0.0722212915169944,2021-03-08,20210308
"1052",0.0468559137602551,0.07724340867407,2021-03-09,20210309
"1053",-0.00965041583217445,-0.00416164765527937,2021-03-10,20210310
"1054",0.0298160507037193,0.0412638169023704,2021-03-11,20210311
"1055",-0.0134500477244044,-0.0106383875098686,2021-03-12,20210312
"1056",0.0126901385065173,0.0257427926655059,2021-03-15,20210315
"1057",0.0151536020114688,0.00755240862936617,2021-03-16,20210316
"1058",0.00201796254331354,0.00375494137549152,2021-03-17,20210317
"1059",-0.0316330920940111,-0.0474889611014477,2021-03-18,20210318
"1060",0.00974040783077304,0.00964137223928126,2021-03-19,20210319
"1061",0.0231607081163276,0.0261617767424456,2021-03-22,20210322
"1062",-0.0117770783408458,-0.0087975855194427,2021-03-23,20210323
"1063",-0.041130375398084,-0.0332734730962642,2021-03-24,20210324
"1064",0.000785691263767147,-0.00855851987158369,2021-03-25,20210325
"1065",0.043884819280158,0.0239625900912162,2021-03-26,20210326
"1066",-0.0130173593804284,0.00845416264655797,2021-03-29,20210329
"1067",-0.00887627785464811,-0.00592552127655156,2021-03-30,20210330
"1068",0.0188816150592956,0.0363502511624744,2021-03-31,20210331
"1069",0.0384694695019574,0.0341347244887879,2021-04-01,20210401
"1070",0.0182661534068332,0.0126447175330788,2021-04-05,20210405
"1071",-0.0163082597161788,-0.00904881733861809,2021-04-06,20210406
"1072",0.00987409032317026,0.0201398253404893,2021-04-07,20210407
"1073",0.00650579137129121,0.0121923700593015,2021-04-08,20210408
"1074",0.00163765830532493,0.00578026205094109,2021-04-09,20210409
"1075",-0.0225186523552479,0.0546595721116599,2021-04-12,20210412
"1076",-0.00101951953346638,0.0304671274533456,2021-04-13,20210413
"1077",-0.0187466250628551,-0.0260052236875145,2021-04-14,20210414
"1078",0.022672036014373,0.0547817028096466,2021-04-15,20210415
"1079",0.00268040450410365,-0.0140248906089127,2021-04-16,20210416
"1080",-0.0216496720335738,-0.0352241500613886,2021-04-19,20210419
"1081",-0.0137724056844195,-0.0124785340673158,2021-04-20,20210420
"1082",0.0206992840029064,0.0123968406565001,2021-04-21,20210421
"1083",-0.0239269807612359,-0.0337822484477668,2021-04-22,20210422
"1084",0.0183309566847234,0.0275626364703882,2021-04-23,20210423
"1085",0.025731097568383,0.0138407730613173,2021-04-26,20210426
"1086",-0.00686047936464138,-0.00623741227418308,2021-04-27,20210427
"1087",-0.0104888158101724,-0.00684940370124681,2021-04-28,20210428
"1088",0.0437670934558098,0.00313707423314259,2021-04-29,20210429
"1089",-0.0275706000260972,-0.0207855301870016,2021-04-30,20210430
"1090",-0.00991903134300291,-0.0115757411170106,2021-05-03,20210503
"1091",-0.0243797865255475,-0.0332703716013954,2021-05-04,20210504
"1092",0.00394421136172174,0.00744521547215707,2021-05-05,20210505
"1093",0.00997607309609122,0.00445107923291912,2021-05-06,20210506
"1094",0.0135113097678471,0.0197212514362346,2021-05-07,20210507
"1095",-0.0668195206400728,-0.0375928388599025,2021-05-10,20210510
"1096",-0.0044308015195133,0.00283497765066816,2021-05-11,20210511
"1097",-0.0296471661455192,-0.0390392096260431,2021-05-12,20210512
"1098",0.0197839996717062,-0.00680107496920205,2021-05-13,20210513
"1099",0.0236344920025691,0.041409661810003,2021-05-14,20210514
"1100",-0.00269262185473532,-0.0054558561532248,2021-05-17,20210517
"1101",-0.00688061724873446,-0.0106272699247293,2021-05-18,20210518
"1102",0.0134836851586594,0.00356065334337187,2021-05-19,20210519
"1103",0.0150403251227387,0.0381345465647864,2021-05-20,20210520
"1104",-0.0089358056579334,0.025622911435498,2021-05-21,20210521
"1105",0.0109696131885866,0.0405400347733416,2021-05-24,20210524
"1106",0.00630011254847996,0.00228738194613366,2021-05-25,20210525
"1107",-0.00494721732407005,0.00333343791725722,2021-05-26,20210526
"1108",0.00412448261566782,-0.0135949945783232,2021-05-27,20210527
"1109",0.00671142789902359,0.0476886052952193,2021-05-28,20210528
"1110",-0.00446997547145188,0.0012302429407296,2021-06-01,20210601
"1111",0.00417228390571429,0.0310983931620125,2021-06-02,20210602
"1112",-0.0153613842326996,0.0113493517668755,2021-06-03,20210603
"1113",0.0192397237976889,0.0352300688058728,2021-06-04,20210604
"1114",-0.00762197358195128,0.0023153175824296,2021-06-07,20210607
"1115",0.00657930880290357,-0.00923753495253609,2021-06-08,20210608
"1116",-0.00980996070551829,-0.00544278511868738,2021-06-09,20210609
"1117",0.009958251613878,0.00383762688121783,2021-06-10,20210610
"1118",0.00297556860152883,0.0227101610262916,2021-06-11,20210611
"1119",0.019784980081645,0.0107965073982602,2021-06-14,20210614
"1120",-0.0126790403971015,-0.0128603408281106,2021-06-15,20210615
"1121",-0.00465783087156617,0.00122225274470008,2021-06-16,20210616
"1122",0.0029596160126227,0.0464607866081615,2021-06-17,20210617
"1123",-0.017514487086757,-0.000992492357639443,2021-06-18,20210618
"1124",0.00719207491475962,-0.0114118683789981,2021-06-21,20210621
"1125",0.00832624045480859,0.0246301716165843,2021-06-22,20210622
"1126",0.00325170746424569,0.00898749123421101,2021-06-23,20210623
"1127",0.0175550052458852,0.00774889957950606,2021-06-24,20210624
"1128",-0.00195991938785019,-0.00912752944710385,2021-06-25,20210625
"1129",0.0149260502165958,0.0489130137659685,2021-06-28,20210628
"1130",0.0205435292311322,0.00208682107349065,2021-06-29,20210629
"1131",0.00217164028139985,-0.0012117338530238,2021-06-30,20210630
"1132",-0.0150141503733005,0.0104195276938063,2021-07-01,20210701
"1133",0.0125627570784585,0.0135142695021419,2021-07-02,20210702
"1134",-0.00979683263462244,0.0102710714895983,2021-07-06,20210706
"1135",-0.00867854990949689,-0.0159119259003631,2021-07-07,20210707
"1136",-0.0120756176761262,-0.0232911451048617,2021-07-08,20210708
"1137",0.0224520556357355,0.00738367346773441,2021-07-09,20210709
"1138",0.0073270911864111,0.0227932489651477,2021-07-12,20210712
"1139",-0.00909624568776221,-0.012879586937738,2021-07-13,20210713
"1140",0.0180402909796589,-0.0203792535131269,2021-07-14,20210714
"1141",-0.0160582462487041,-0.0451145276056123,2021-07-15,20210715
"1142",-0.0124481578272035,-0.0433846503195097,2021-07-16,20210716
"1143",-0.00660677676514446,0.0335024720540013,2021-07-19,20210719
"1144",0.0054610612236784,-0.00897313846121248,2021-07-20,20210720
"1145",0.0186009251491382,0.041982281127332,2021-07-21,20210721
"1146",0.00189719917897909,0.00943534678648513,2021-07-22,20210722
"1147",0.0169849358392418,-0.00183868935371218,2021-07-23,20210723
"1148",-0.00957065293994994,-0.013589926152034,2021-07-26,20210726
"1149",-0.0180713068966473,-0.00446696203605017,2021-07-27,20210727
"1150",0.0106580011875192,0.0152412596660326,2021-07-28,20210728
"1151",0.0582924927515166,0.00811994384517666,2021-07-29,20210729
"1152",-0.00791221921443167,-0.00832455314623205,2021-07-30,20210730
"1153",-0.00629477056274832,0.0127898599283904,2021-08-02,20210802
"1154",-0.00613176088041724,0.00328559651150808,2021-08-03,20210803
"1155",0.00182333671086095,0.0228997869262389,2021-08-04,20210804
"1156",-0.00942225031224439,0.0177465935379706,2021-08-05,20210805
"1157",-0.00375303382931087,-0.0132189870942834,2021-08-06,20210806
"1158",0.00436545750964,-0.00349209025587397,2021-08-09,20210809
"1159",-0.00717266214918864,-0.0178473201557259,2021-08-10,20210810
"1160",0.00553763893592175,-0.0119592273351786,2021-08-11,20210811
"1161",0.0031988781293995,0.0104027037646365,2021-08-12,20210812
"1162",0.0100750755474728,0.0141178721999906,2021-08-13,20210813
"1163",-0.00343689937820958,-0.0118590412825113,2021-08-16,20210816
"1164",-0.0254337121368142,-0.0249712013926285,2021-08-17,20210817
"1165",-0.0155624694843833,-0.0217160968118799,2021-08-18,20210818
"1166",-0.0111034153997032,0.0390389658690134,2021-08-19,20210819
"1167",0.0104709873672466,0.0501406803831672,2021-08-20,20210820
"1168",0.0143239210658487,0.053409952685016,2021-08-23,20210823
"1169",0.00221753944095459,-0.00754237231373012,2021-08-24,20210824
"1170",-0.00409236230353061,0.0190886469826894,2021-08-25,20210825
"1171",-0.0104110069481078,-0.00654940057815888,2021-08-26,20210826
"1172",0.0171992414260648,0.0254133284220676,2021-08-27,20210827
"1173",0.00749682842662302,0.00229436592837052,2021-08-30,20210830
"1174",0.0051258404050176,-0.0132666136453854,2021-08-31,20210831
"1175",0.00299451197032836,0.002498875209066,2021-09-01,20210901
"1176",-0.00912349277800172,-0.00200701270326338,2021-09-02,20210902
"1177",-0.00338171154641017,0.0197624304098644,2021-09-03,20210903
"1178",-0.00610358906048559,-0.00795556172865708,2021-09-07,20210907
"1179",-0.00859281269803204,-0.0143555495970254,2021-09-08,20210908
"1180",-0.00661784974159597,-0.00727842357869829,2021-09-09,20210909
"1181",0.00773897671981713,0.0134817119430878,2021-09-10,20210910
"1182",0.00510295773590238,-0.014609196534026,2021-09-13,20210913
"1183",-0.0159556165401586,0.00405476830488505,2021-09-14,20210914
"1184",-0.0207610264139297,0.00444112359524047,2021-09-15,20210915
"1185",0.00115633119132479,-0.00444084597627899,2021-09-16,20210916
"1186",-0.035297698248692,-0.0154954365742463,2021-09-17,20210917
"1187",-0.00630785273843501,-0.0365975965338189,2021-09-20,20210920
"1188",-0.00763708846260194,0.00627924421721526,2021-09-21,20210921
"1189",0.0095185544828488,0.0321883516528861,2021-09-22,20210922
"1190",0.00674321334725079,0.0243579224415301,2021-09-23,20210923
"1191",-0.000224025091747106,-0.0179979966220777,2021-09-24,20210924
"1192",-0.00299247298440711,-0.0192500999675213,2021-09-27,20210927
"1193",-0.0271872466039814,-0.0453813308492206,2021-09-28,20210928
"1194",-0.0047844271401596,-0.0088318865452486,2021-09-29,20210929
"1195",-0.00232369769554262,0.00965226663446167,2021-09-30,20210930
"1196",-0.00209519338553837,0.00125421314576591,2021-10-01,20211001
"1197",-0.0158977014528049,-0.049918450445069,2021-10-04,20211004
"1198",0.0066875881498166,0.0357898344138213,2021-10-05,20211005
"1199",0.00414738768560657,0.0121014808166723,2021-10-06,20211006
"1200",-0.00171947745442028,0.0179538605560959,2021-10-07,20211007
"1201",-0.0101422592702484,-0.0116455469203292,2021-10-08,20211008
"1202",-0.0128036176070268,-0.00655040714956031,2021-10-11,20211011
"1203",-0.0160562138750238,-0.0011606733207518,2021-10-12,20211012
"1204",0.0168561337817703,0.0128816738305604,2021-10-13,20211013
"1205",0.0285398366704706,0.037816843573973,2021-10-14,20211014
"1206",0.0118979379850246,0.0053198246073535,2021-10-15,20211015
"1207",-0.000614188575194067,0.0163328892208701,2021-10-18,20211018
"1208",0.0181257318965803,0.00305532772900633,2021-10-19,20211019
"1209",-0.00256929782067986,-0.00842438569989552,2021-10-20,20211020
"1210",0.00671142789902359,0.0262991263339003,2021-10-21,20211021
"1211",-0.0108061769850105,0.00149687911724861,2021-10-22,20211022
"1212",0.00235223133345459,0.0191759603932509,2021-10-25,20211025
"1213",7.5997112146282e-05,0.0648059853658252,2021-10-26,20211026
"1214",-0.0056247895104228,-0.0108203291919969,2021-10-27,20211027
"1215",0.0188011455885843,0.0198418422135394,2021-10-28,20211028
"1216",-0.00487385797325737,0.024789193292159,2021-10-29,20211029
"1217",0.0132162789626164,0.0101176435882851,2021-11-01,20211101
"1218",0.0031101584392023,0.0219816241063874,2021-11-02,20211102
"1219",0.0237487526605515,0.00743429700580447,2021-11-03,20211103
"1220",0.119835150849181,0.113706292575832,2021-11-04,20211104
"1221",0.0433736163626358,-0.00164535285092791,2021-11-05,20211105
"1222",0.0171491098306162,0.0347482264787245,2021-11-08,20211108
"1223",0.00535165431840213,-0.00478342234477359,2021-11-09,20211109
"1224",-0.0425130068092953,-0.0398620387585916,2021-11-10,20211110
"1225",0.0285009613717333,0.0311139031247404,2021-11-11,20211111
"1226",0.00315800823869091,0,2021-11-12,20211112
"1227",0.0214130945033165,-0.0120837148994871,2021-11-15,20211115
"1228",0.0759670287509489,0.00591049853971072,2021-11-16,20211116
"1229",0.00947001750137399,-0.0316857325550299,2021-11-17,20211117
"1230",0.0150334295934552,0.0792722571065524,2021-11-18,20211118
"1231",-0.00711021779514511,0.0405256306088092,2021-11-19,20211119
"1232",-0.0196508188196696,-0.0316929579326204,2021-11-22,20211122
"1233",-0.00253922109495028,-0.00659369067832219,2021-11-23,20211123
"1234",-0.0012718084055616,0.0288128930524793,2021-11-24,20211124
"1235",-0.0278882883271987,-0.0364969858684849,2021-11-26,20211126
"1236",0.0445162822285265,0.0577546249596603,2021-11-29,20211129
"1237",-0.0174585168710383,-0.0211960576695142,2021-11-30,20211130
"1238",-0.0238194439131192,-0.0385921907148976,2021-12-01,20211201
"1239",0.00793939939404716,0.0217438791019485,2021-12-02,20211202
"1240",-0.00294132144796927,-0.0456314581381035,2021-12-03,20211203
"1241",-0.00602310251930098,-0.0216047100724071,2021-12-06,20211206
"1242",0.0460588183907008,0.0765618874108041,2021-12-07,20211207
"1243",-0.00595067017057991,-0.0187079067214626,2021-12-08,20211208
"1244",-0.00202805511424343,-0.0428845367655622,2021-12-09,20211209
"1245",0.0088487342193257,-0.00962315438122747,2021-12-10,20211210
"1246",-0.00304964544515044,-0.0698378712558619,2021-12-13,20211213
"1247",-0.00733684897401811,0.00623054975063616,2021-12-14,20211214
"1248",0.0393303225305694,0.0722127487805052,2021-12-15,20211215
"1249",-0.0606017470780637,-0.0704503616813825,2021-12-16,20211216
"1250",-0.00760685892975679,-0.0208590451090322,2021-12-17,20211217
"1251",-0.00073527024492817,-0.00295435982643651,2021-12-20,20211220
"1252",0.0163368244122039,0.0477610633982599,2021-12-21,20211221
"1253",0.00997310287111133,0.0111159878446696,2021-12-22,20211222
"1254",0.00747002972506813,0.00812986292532077,2021-12-23,20211223
"1255",0.019454527500789,0.0430863090241709,2021-12-27,20211227
"1256",-0.00813701590290333,-0.0203384308132507,2021-12-28,20211228
"1257",0.00743925995983394,-0.0106424302987461,2021-12-29,20211229
"1258",-0.0188118382897509,-0.0139295675244288,2021-12-30,20211230
"1259",0.000765706771732392,-0.00593256290312707,2021-12-31,20211231
"1260",0.01809921653117,0.0238542124506866,2022-01-03,20220103
"1261",0.00546305032934671,-0.0279767243869568,2022-01-04,20220104
"1262",-0.00390662091625142,-0.059285144317103,2022-01-05,20220105
"1263",-0.0029533568682112,0.0205807558481677,2022-01-06,20220106
"1264",-0.0302458281898339,-0.0335981494309355,2022-01-07,20220107
"1265",-0.00405420720304253,0.00559929465043157,2022-01-10,20220110
"1266",0.0313378014080075,0.0151043527669424,2022-01-11,20220111
"1267",0.00548691928876047,0.00652168749015479,2022-01-12,20220112
"1268",-0.0136639277263753,-0.052197913958798,2022-01-13,20220113
"1269",0.0257681315734004,0.0137155108859413,2022-01-14,20220114
"1270",-0.0535020476776297,-0.0393272788312015,2022-01-18,20220118
"1271",-0.0363797923928124,-0.0328062896252346,2022-01-19,20220119
"1272",-0.0352282934774487,-0.0372679011324484,2022-01-20,20220120
"1273",-0.00947373444328189,-0.0326595646402897,2022-01-21,20220121
"1274",0.030689231027265,-8.60036982120628e-05,2022-01-24,20220124
"1275",-0.0275407897990284,-0.0458764132675267,2022-01-25,20220125
"1276",0.00932439242031711,0.0198692917407229,2022-01-26,20220126
"1277",-0.035348460011835,-0.0370374981025633,2022-01-27,20220127
"1278",0.0342091376995833,0.0400194325535385,2022-01-28,20220128
"1279",0.0522641229809324,0.0695885606955667,2022-01-31,20220131
"1280",0.00776477595020776,0.00618880974909954,2022-02-01,20220201
"1281",0.0606208571034661,0.0242193298780682,2022-02-02,20220202
"1282",-0.0495611112727948,-0.0526247066394065,2022-02-03,20220203
"1283",0.0020638687569272,0.0153732241146079,2022-02-04,20220204
"1284",-0.0247077377047555,0.0166781433327989,2022-02-07,20220207
"1285",0.0197928233265523,0.0152501234954532,2022-02-08,20220208
"1286",0.0295714235211191,0.0616640813910972,2022-02-09,20220209
"1287",-0.0552062029971034,-0.0335464423206792,2022-02-10,20220210
"1288",-0.0556966591946103,-0.0753778550368728,2022-02-11,20220211
"1289",0.00297158047816032,0.013190619995941,2022-02-14,20220214
"1290",0.0465581512713565,0.0878387013291164,2022-02-15,20220215
"1291",-0.00231467679863484,0.000603817665416414,2022-02-16,20220216
"1292",-0.0341815908830002,-0.0786006645843042,2022-02-17,20220217
"1293",0.00502336176500854,-0.0359339604474792,2022-02-18,20220218
"1294",-0.0104938685430187,-0.010716214066856,2022-02-22,20220222
"1295",-0.0260770705101197,-0.0438285931448768,2022-02-23,20220223
"1296",0.0385974420371094,0.0590176843248679,2022-02-24,20220224
"1297",0.0174095701391666,0.0170763653994653,2022-02-25,20220225
"1298",0.0061818529127903,0.00939374034183911,2022-02-28,20220228
"1299",-0.0494623400290165,-0.0379469647153616,2022-03-01,20220301
"1300",0.0374123482774573,0.0313222949175718,2022-03-02,20220302
"1301",-0.0233126401904207,-0.0211133258864183,2022-03-03,20220303
"1302",-0.018864827168213,-0.0333582510143553,2022-03-04,20220304
"1303",-0.0778977597200272,-0.0715625989816956,2022-03-07,20220307
"1304",0.00438736143900664,0.00755836346787092,2022-03-08,20220308
"1305",0.0412570998482016,0.0673988016324362,2022-03-09,20220309
"1306",-0.0153938801199416,-0.0155898933336879,2022-03-10,20220310
"1307",-0.015437548131353,-0.0249353170407139,2022-03-11,20220311
"1308",-0.0753002210616185,-0.0354634604755898,2022-03-14,20220314
"1309",0.0204563351512611,0.0742053959792955,2022-03-15,20220315
"1310",0.0423600111660586,0.0641900229191207,2022-03-16,20220316
"1311",0.0156951836794649,0.0109617004346119,2022-03-17,20220317
"1312",0.00756134087382581,0.0658982213261617,2022-03-18,20220318
"1313",0.0103363949347007,0.0105669723738686,2022-03-21,20220321
"1314",0.0128994432895994,-0.00788601302412476,2022-03-22,20220322
"1315",-0.0305354990546302,-0.0341298535966507,2022-03-23,20220323
"1316",0.0359142914220452,0.0936278564006202,2022-03-24,20220324
"1317",-0.00309679010855883,-0.0164038098256767,2022-03-25,20220325
"1318",0.00303439157381079,0.0188521757601843,2022-03-28,20220328
"1319",0.0163997853675786,0.0153673156311089,2022-03-29,20220329
"1320",-0.0531676815330418,-0.0342912827833982,2022-03-30,20220330
"1321",0.000588826607582033,-0.0146974807605841,2022-03-31,20220331
