caldt,vwretd,vwretx,ewretd,ewretx,totval,totcnt,usdval,usdcnt,spindx,sprtrn
20070103,-0.000608,-0.000793,-0.000912,-0.001018,13015711900.00,500,12943542100.00,499,1416.60,-0.001199
20070104,0.001271,0.001271,0.000965,0.000965,13039472700.00,500,13015711900.00,499,1418.34,0.001228
20070105,-0.006120,-0.006120,-0.007084,-0.007084,12959673300.00,500,13039472700.00,500,1409.71,-0.006085
20070108,0.002546,0.002242,0.002585,0.002460,12989734900.00,500,12959673300.00,500,1412.84,0.002220
20070109,-0.000375,-0.000375,0.001108,0.001108,12984860000.00,500,12989734900.00,500,1412.11,-0.000517
20070110,0.002028,0.001909,0.003021,0.002919,13015613300.00,500,12981032700.00,499,1414.85,0.001940
20070111,0.006531,0.006523,0.007434,0.007418,13100513900.00,500,13015613300.00,500,1423.82,0.006340
20070112,0.004775,0.004774,0.003864,0.003862,13162999500.00,500,13100513900.00,500,1430.73,0.004853
20070116,0.000817,0.000817,0.000939,0.000939,13173756000.00,500,13162999500.00,500,1431.90,0.000818
20070117,-0.000865,-0.000953,-0.000402,-0.000426,13161203800.00,500,13173756000.00,500,1430.62,-0.000894
20070118,-0.002969,-0.002992,-0.004031,-0.004052,13121829600.00,500,13161203800.00,500,1426.37,-0.002971
20070119,0.002904,0.002893,0.005016,0.005012,13159788400.00,500,13121829600.00,500,1430.50,0.002895
20070122,-0.005188,-0.005208,-0.005134,-0.005157,13091733400.00,500,13159788400.00,500,1422.95,-0.005278
20070123,0.003396,0.003396,0.005716,0.005716,13136193700.00,500,13091733400.00,500,1427.99,0.003542
20070124,0.008468,0.008442,0.007454,0.007401,13247238900.00,500,13136193700.00,500,1440.13,0.008501
20070125,-0.011029,-0.011038,-0.010240,-0.010261,13101020600.00,500,13247238900.00,500,1423.90,-0.011270
20070126,-0.001190,-0.001190,0.000479,0.000479,13084850000.00,500,13101020600.00,500,1422.18,-0.001208
20070129,-0.001004,-0.001111,-0.000258,-0.000368,13070312100.00,500,13084850000.00,500,1420.62,-0.001097
20070130,0.005687,0.005670,0.006242,0.006181,13144590100.00,500,13070312100.00,500,1428.82,0.005772
20070131,0.006774,0.006661,0.007193,0.007115,13216988300.00,500,13144590100.00,500,1438.24,0.006593
20070201,0.005568,0.005333,0.007781,0.007709,13283519200.00,499,13213051300.00,499,1445.94,0.005354
20070202,0.001684,0.001678,0.002852,0.002830,13310551200.00,500,13283519200.00,499,1448.39,0.001694
20070205,-0.000834,-0.000929,-0.001087,-0.001154,13297974000.00,500,13310551200.00,500,1446.99,-0.000967
20070206,0.000685,0.000679,0.002833,0.002805,13306998000.00,500,13297974000.00,500,1448.00,0.000698
20070207,0.001834,0.001431,0.003486,0.003383,13326044200.00,500,13306998000.00,500,1450.02,0.001395
20070208,-0.001081,-0.001101,0.000025,-0.000024,13311381800.00,500,13326044200.00,500,1448.31,-0.001179
20070209,-0.006948,-0.006984,-0.007153,-0.007184,13217916600.00,500,13311381800.00,500,1438.06,-0.007077
20070212,-0.003260,-0.003306,-0.003534,-0.003600,13160777300.00,500,13198092400.00,499,1433.37,-0.003261
20070213,0.007644,0.007456,0.008315,0.008184,13258900000.00,500,13160777300.00,500,1444.26,0.007597
20070214,0.007753,0.007504,0.008397,0.008139,13358752400.00,500,13258900000.00,500,1455.30,0.007644
20070215,0.001301,0.001213,0.003150,0.003101,13376679500.00,500,13352758300.00,499,1456.81,0.001038
20070216,-0.000821,-0.000849,-0.000338,-0.000358,13365442100.00,500,13376679500.00,500,1455.54,-0.000872
20070220,0.003142,0.003139,0.004410,0.004397,13407326500.00,500,13365442100.00,500,1459.68,0.002844
20070221,-0.001342,-0.001400,-0.000171,-0.000235,13388869400.00,500,13407326500.00,500,1457.63,-0.001404
20070222,-0.000634,-0.000857,0.000483,0.000446,13378081500.00,500,13387037200.00,499,1456.38,-0.000858
20070223,-0.003514,-0.003622,-0.001986,-0.002028,13331525000.00,500,13378081500.00,500,1451.19,-0.003564
20070226,-0.001029,-0.001153,-0.001404,-0.001495,13316191500.00,500,13331525000.00,500,1449.37,-0.001254
20070227,-0.034485,-0.034579,-0.033019,-0.033171,12855734500.00,500,13316191500.00,500,1399.04,-0.034725
20070228,0.005525,0.005234,0.004532,0.004419,12895749800.00,500,12855734500.00,500,1406.82,0.005561
20070301,-0.002440,-0.002457,-0.003872,-0.003897,12864578800.00,500,12895749800.00,500,1403.17,-0.002595
20070302,-0.011377,-0.011567,-0.013084,-0.014102,12721625400.00,500,12864578800.00,500,1387.17,-0.011403
20070305,-0.009372,-0.009411,-0.011658,-0.011736,12601906300.00,500,12721625400.00,500,1374.12,-0.009408
20070306,0.015521,0.015478,0.015675,0.015650,12796972200.00,500,12601906300.00,500,1395.41,0.015494
20070307,-0.002256,-0.002533,-0.001592,-0.001887,12764534800.00,500,12796972200.00,500,1391.97,-0.002465
20070308,0.007116,0.007053,0.008489,0.008416,12854567400.00,500,12764534800.00,500,1401.89,0.007127
20070309,0.000661,0.000660,0.002145,0.002142,12862948500.00,500,12854567400.00,500,1402.85,0.000685
20070312,0.002718,0.002685,0.003003,0.002979,12897599800.00,500,12862948500.00,500,1406.60,0.002673
20070313,-0.020177,-0.020461,-0.020945,-0.021158,12633715000.00,500,12897599800.00,500,1377.95,-0.020368
20070314,0.006684,0.006586,0.006444,0.006374,12716963300.00,500,12633715000.00,500,1387.17,0.006691
20070315,0.003799,0.003754,0.005509,0.005434,12764803300.00,500,12716963300.00,500,1392.28,0.003684
20070316,-0.003768,-0.003771,-0.003628,-0.003638,12716671000.00,500,12764803300.00,500,1386.95,-0.003828
20070319,0.010896,0.010896,0.010159,0.010159,12854941200.00,500,12716671000.00,500,1402.06,0.010894
20070320,0.006356,0.006343,0.006273,0.006241,12924038400.00,500,12828510300.00,499,1410.94,0.006334
20070321,0.017155,0.017135,0.016187,0.016138,13145486000.00,500,12924038400.00,500,1435.04,0.017081
20070322,-0.000291,-0.000291,-0.001282,-0.001282,13113838400.00,500,13117658800.00,499,1434.54,-0.000348
20070323,0.001040,0.001040,0.002795,0.002795,13134836700.00,500,13113838400.00,499,1436.11,0.001094
20070326,0.000892,0.000892,-0.000371,-0.000371,13146538800.00,500,13134836700.00,500,1437.50,0.000968
20070327,-0.006173,-0.006180,-0.006180,-0.006198,13065289500.00,500,13146538800.00,500,1428.61,-0.006184
20070328,-0.007799,-0.008017,-0.007779,-0.008060,12960865600.00,500,13065289500.00,500,1417.23,-0.007966
20070329,0.003756,0.003717,0.002024,0.001980,13006669900.00,500,12951818200.00,499,1422.53,0.003740
20070330,-0.001099,-0.001108,0.000216,0.000206,13005460000.00,500,13006669900.00,500,1420.86,-0.001174
20070402,0.002671,0.002662,0.004165,0.004147,13006095900.00,500,13001078000.00,499,1424.55,0.002597
20070403,0.009583,0.009242,0.009323,0.008569,13126296900.00,500,13006095900.00,500,1437.77,0.009280
20070404,0.001116,0.001100,0.000081,0.000049,13140740100.00,500,13126296900.00,500,1439.37,0.001113
20070405,0.003259,0.002968,0.003448,0.003348,13179782800.00,500,13140740100.00,500,1443.76,0.003050
20070409,0.000647,0.000639,0.000958,0.000908,13188202200.00,500,13179782800.00,500,1444.61,0.000589
20070410,0.002508,0.002485,0.001913,0.001886,13221271600.00,500,13181682200.00,499,1448.39,0.002617
20070411,-0.006686,-0.006792,-0.006177,-0.006260,13131471800.00,500,13221271600.00,500,1438.87,-0.006573
20070412,0.006138,0.006128,0.006707,0.006696,13211938300.00,500,13131471800.00,500,1447.80,0.006206
20070413,0.003390,0.003387,0.002430,0.002426,13256226600.00,500,13211938300.00,500,1452.85,0.003488
20070416,0.010951,0.010945,0.010914,0.010891,13401361900.00,500,13256226600.00,500,1468.47,0.010751
20070417,0.002093,0.002093,0.001778,0.001778,13429448900.00,500,13401361900.00,500,1471.48,0.002050
20070418,0.000639,0.000632,0.001680,0.001671,13437942500.00,500,13429448900.00,500,1472.50,0.000693
20070419,-0.001267,-0.001285,-0.001728,-0.001740,13420678700.00,500,13437942500.00,500,1470.73,-0.001202
20070420,0.009388,0.009356,0.008441,0.008424,13546240500.00,500,13420678700.00,500,1484.35,0.009261
20070423,-0.002352,-0.002369,0.000791,0.000770,13514070200.00,500,13546240500.00,500,1480.93,-0.002304
20070424,-0.000419,-0.000419,0.000676,0.000676,13508418100.00,500,13514070200.00,500,1480.41,-0.000351
20070425,0.010188,0.010092,0.009763,0.009726,13643101600.00,500,13508418100.00,500,1495.42,0.010139
20070426,-0.000542,-0.000638,-0.000090,-0.000188,13634398900.00,500,13643101600.00,500,1494.25,-0.000782
20070427,-0.000027,-0.000063,-0.001570,-0.001671,13634295800.00,500,13634398900.00,500,1494.07,-0.000120
20070430,-0.007830,-0.007834,-0.010734,-0.010746,13537491500.00,500,13634295800.00,500,1482.37,-0.007831
20070501,0.002661,0.002661,0.003097,0.003097,13573894100.00,500,13537491500.00,500,1486.30,0.002651
20070502,0.006539,0.006427,0.008338,0.008259,13661139200.00,500,13573894100.00,500,1495.92,0.006472
20070503,0.004588,0.004303,0.003290,0.003204,13719850400.00,500,13661139200.00,500,1502.39,0.004325
20070504,0.002098,0.002073,0.001460,0.001438,13748400700.00,500,13719850400.00,500,1505.62,0.002150
20070507,0.002619,0.002587,0.001993,0.001946,13783778600.00,500,13748400700.00,500,1509.48,0.002564
20070508,-0.001141,-0.001223,-0.001612,-0.001709,13766921100.00,500,13783778600.00,500,1507.72,-0.001166
20070509,0.003426,0.003163,0.005528,0.005393,13810461500.00,500,13766921100.00,500,1512.58,0.003223
20070510,-0.013742,-0.013900,-0.014186,-0.014231,13618500600.00,500,13810461500.00,500,1491.47,-0.013956
20070511,0.009678,0.009571,0.009202,0.009101,13748493500.00,500,13618500600.00,500,1505.85,0.009641
20070514,-0.001727,-0.001785,-0.002548,-0.002660,13723825800.00,500,13748493500.00,500,1503.15,-0.001793
20070515,-0.001277,-0.001374,-0.002702,-0.002741,13704964500.00,500,13723825800.00,500,1501.19,-0.001304
20070516,0.008796,0.008473,0.006588,0.006365,13820935400.00,500,13704964500.00,500,1514.14,0.008626
20070517,-0.000852,-0.000925,-0.001174,-0.001217,13809678500.00,500,13820935400.00,500,1512.75,-0.000918
20070518,0.006584,0.006580,0.006582,0.006565,13900548600.00,500,13809678500.00,500,1522.75,0.006610
20070521,0.001498,0.001498,0.002499,0.002499,13921377200.00,500,13900548600.00,500,1525.10,0.001543
20070522,-0.000637,-0.000637,0.000327,0.000327,13912507300.00,500,13921377200.00,500,1524.12,-0.000643
20070523,-0.001249,-0.001269,-0.002339,-0.002393,13894907300.00,500,13912507300.00,500,1522.28,-0.001207
20070524,-0.009527,-0.009640,-0.011456,-0.011518,13761016000.00,500,13894907300.00,500,1507.51,-0.009703
20070525,0.005485,0.005478,0.005518,0.005510,13836198600.00,500,13761016000.00,500,1515.73,0.005453
20070529,0.001739,0.001623,0.003109,0.002999,13858650700.00,500,13836198600.00,500,1518.11,0.001570
20070530,0.008322,0.007951,0.008514,0.008266,13968855600.00,500,13858650700.00,500,1530.23,0.007984
20070531,0.000290,0.000268,0.002494,0.002459,13933484500.00,500,13954424100.00,499,1530.62,0.000255
20070601,0.003924,0.003923,0.004553,0.004549,13990437300.00,500,13933484500.00,500,1536.34,0.003737
20070604,0.002140,0.002107,0.002688,0.002623,14020549800.00,500,13990437300.00,500,1539.18,0.001849
20070605,-0.005426,-0.005466,-0.006187,-0.006211,13943909800.00,500,14020549800.00,500,1530.95,-0.005347
20070606,-0.008570,-0.008816,-0.009599,-0.009849,13820982200.00,500,13943909800.00,500,1517.38,-0.008864
20070607,-0.017533,-0.017581,-0.018712,-0.018790,13577995000.00,500,13820982200.00,500,1490.72,-0.017570
20070608,0.011377,0.011375,0.012084,0.012079,13732309600.00,500,13577995000.00,500,1507.67,0.011370
20070611,0.000883,0.000865,0.000627,0.000620,13744272900.00,500,13732309600.00,500,1509.12,0.000962
20070612,-0.010667,-0.010667,-0.010724,-0.010725,13597657200.00,500,13744272900.00,500,1493.00,-0.010682
20070613,0.015382,0.015133,0.015693,0.015444,13802497600.00,500,13597657200.00,500,1515.67,0.015184
20070614,0.004732,0.004672,0.003846,0.003764,13866981200.00,500,13802497600.00,500,1522.97,0.004816
20070615,0.006464,0.006462,0.006282,0.006276,13956063100.00,500,13866981200.00,500,1532.91,0.006527
20070618,-0.001188,-0.001195,-0.001880,-0.001908,13939382000.00,500,13956063100.00,500,1531.05,-0.001213
20070619,0.001677,0.001663,0.000946,0.000911,13962558100.00,500,13939382000.00,500,1533.70,0.001731
20070620,-0.013529,-0.013550,-0.012466,-0.012512,13773370200.00,500,13962558100.00,500,1512.84,-0.013601
20070621,0.006269,0.006051,0.006853,0.006822,13856709400.00,500,13773370200.00,500,1522.19,0.006180
20070622,-0.012753,-0.012753,-0.010699,-0.010699,13679760800.00,500,13856709400.00,500,1502.56,-0.012896
20070625,-0.003234,-0.003234,-0.005176,-0.005176,13635654300.00,500,13679760800.00,500,1497.74,-0.003208
20070626,-0.003169,-0.003205,-0.004099,-0.004135,13591825000.00,500,13635654300.00,500,1492.89,-0.003238
20070627,0.009234,0.009037,0.010005,0.009727,13714647800.00,500,13591825000.00,500,1506.34,0.009009
20070628,-0.000429,-0.000448,-0.000312,-0.000343,13708064700.00,500,13714647800.00,500,1505.71,-0.000418
20070629,-0.001595,-0.001603,-0.001628,-0.001637,13663735800.00,500,13708064700.00,500,1503.35,-0.001567
20070702,0.010843,0.010835,0.011726,0.011703,13816161400.00,500,13645417200.00,499,1519.43,0.010696
20070703,0.003776,0.003577,0.002148,0.002024,13865641500.00,500,13816161400.00,500,1524.87,0.003580
20070705,0.000333,0.000323,0.001538,0.001514,13870116200.00,500,13865641500.00,500,1525.40,0.000348
20070706,0.003705,0.003420,0.004649,0.004535,13921796000.00,500,13870116200.00,500,1530.44,0.003304
20070709,0.000932,0.000926,-0.000102,-0.000125,13936247100.00,500,13914875000.00,499,1531.85,0.000921
20070710,-0.014280,-0.014283,-0.015164,-0.015169,13737199600.00,500,13936247100.00,500,1510.12,-0.014185
20070711,0.005829,0.005708,0.004871,0.004757,13815617900.00,500,13737199600.00,500,1518.76,0.005721
20070712,0.019041,0.019033,0.016597,0.016590,14075710900.00,500,13815617900.00,500,1547.70,0.019055
20070713,0.003154,0.003142,0.003061,0.003037,14119074500.00,500,14075710900.00,500,1552.50,0.003101
20070716,-0.001889,-0.001889,-0.004173,-0.004173,14092407700.00,500,14119074500.00,500,1549.52,-0.001919
20070717,-0.000098,-0.000098,-0.000244,-0.000244,14091027300.00,500,14092407700.00,500,1549.37,-0.000097
20070718,-0.002108,-0.002212,-0.002113,-0.002143,14059856700.00,500,14091027300.00,500,1546.17,-0.002065
20070719,0.004602,0.004578,0.005570,0.005549,14124246200.00,500,14059856700.00,500,1553.08,0.004469
20070720,-0.012254,-0.012347,-0.013908,-0.014006,13949861700.00,500,14124246200.00,500,1534.10,-0.012221
20070723,0.004817,0.004798,0.001969,0.001958,14016884000.00,500,13949861700.00,500,1541.57,0.004869
20070724,-0.019565,-0.019565,-0.020940,-0.020940,13742656800.00,500,14016884000.00,500,1511.04,-0.019804
20070725,0.004561,0.004552,0.001034,0.001017,13805281100.00,500,13742656800.00,500,1518.09,0.004666
20070726,-0.023315,-0.023317,-0.024926,-0.024932,13483388600.00,500,13805281100.00,500,1482.66,-0.023339
20070727,-0.015888,-0.016035,-0.016334,-0.016420,13267508000.00,500,13483388600.00,500,1458.95,-0.015992
20070730,0.010092,0.010069,0.011417,0.011335,13401064700.00,500,13267508000.00,500,1473.91,0.010254
20070731,-0.012557,-0.012563,-0.012026,-0.012040,13193201500.00,500,13401064700.00,500,1455.27,-0.012647
20070801,0.007326,0.007262,0.004672,0.004598,13285280000.00,500,13193201500.00,500,1465.81,0.007243
20070802,0.004757,0.004520,0.005101,0.005031,13345331200.00,500,13285280000.00,500,1472.20,0.004359
20070803,-0.026444,-0.026505,-0.029810,-0.029835,12990231000.00,500,13345331200.00,500,1433.06,-0.026586
20070806,0.024111,0.024092,0.021416,0.021370,13303152900.00,500,12990231000.00,500,1467.67,0.024151
20070807,0.006064,0.006026,0.004900,0.004832,13383279200.00,500,13303152900.00,500,1476.71,0.006159
20070808,0.014572,0.014236,0.012701,0.012549,13573802700.00,500,13383279200.00,500,1497.49,0.014072
20070809,-0.029119,-0.029298,-0.028451,-0.028510,13176122100.00,500,13573802700.00,500,1453.09,-0.029650
20070810,0.000010,0.000008,0.003580,0.003572,13176224400.00,500,13176122100.00,500,1453.64,0.000379
20070813,-0.000311,-0.000465,0.001962,0.001766,13170100900.00,500,13176224400.00,500,1452.92,-0.000495
20070814,-0.018291,-0.018402,-0.021612,-0.021696,12927745300.00,500,13170100900.00,500,1426.54,-0.018157
20070815,-0.013532,-0.013837,-0.017016,-0.017263,12747024100.00,500,12927745300.00,500,1406.70,-0.013908
20070816,0.003333,0.003293,0.002845,0.002787,12789000300.00,500,12747024100.00,500,1411.27,0.003249
20070817,0.024410,0.024410,0.023878,0.023878,13101118600.00,500,12789000300.00,500,1445.94,0.024567
20070820,-0.000262,-0.000262,0.001645,0.001645,13097691500.00,500,13101118600.00,500,1445.55,-0.000270
20070821,0.001135,0.001130,0.003345,0.003332,13112495900.00,500,13097691500.00,500,1447.12,0.001086
20070822,0.011771,0.011709,0.013600,0.013518,13265722000.00,500,13112495900.00,500,1464.07,0.011713
20070823,-0.001222,-0.001236,-0.002980,-0.003000,13249328500.00,500,13265722000.00,500,1462.50,-0.001072
20070824,0.011753,0.011646,0.011428,0.011386,13405171000.00,500,13249328500.00,500,1479.37,0.011535
20070827,-0.008457,-0.008463,-0.011317,-0.011322,13293947700.00,500,13397746500.00,499,1466.79,-0.008504
20070828,-0.023371,-0.023416,-0.024797,-0.024830,12982658000.00,500,13293947700.00,500,1432.36,-0.023473
20070829,0.022193,0.021818,0.023035,0.022579,13265917300.00,500,12982658000.00,500,1463.76,0.021922
20070830,-0.004180,-0.004238,-0.004730,-0.004851,13209700300.00,500,13265917300.00,500,1457.64,-0.004181
20070831,0.011208,0.011189,0.012118,0.012101,13330873000.00,500,13209700300.00,500,1473.99,0.011217
20070904,0.010443,0.010426,0.010004,0.009967,13469814600.00,500,13330873000.00,500,1489.42,0.010468
20070905,-0.011057,-0.011506,-0.012640,-0.012901,13314830700.00,500,13469814600.00,500,1472.29,-0.011501
20070906,0.004379,0.004206,0.004518,0.004335,13370831000.00,500,13314830700.00,500,1478.55,0.004252
20070907,-0.016831,-0.016831,-0.018514,-0.018514,13146547200.00,500,13362270700.00,499,1453.55,-0.016908
20070910,-0.001328,-0.001365,-0.005226,-0.005256,13128102300.00,500,13146547200.00,500,1451.70,-0.001273
20070911,0.013675,0.013673,0.012377,0.012371,13307601500.00,500,13128102300.00,500,1471.49,0.013632
20070912,0.000287,0.000016,-0.001281,-0.001550,13307814500.00,500,13307601500.00,500,1471.56,0.000048
20070913,0.008455,0.008398,0.007269,0.007189,13419570500.00,500,13307814500.00,500,1483.95,0.008420
20070914,0.000331,0.000329,0.002314,0.002308,13423985400.00,500,13419570500.00,500,1484.25,0.000202
20070917,-0.005169,-0.005176,-0.005752,-0.005773,13354506100.00,500,13423985400.00,500,1476.65,-0.005120
20070918,0.029183,0.029171,0.031490,0.031454,13744075800.00,500,13354506100.00,500,1519.78,0.029208
20070919,0.006238,0.006209,0.007657,0.007594,13829417100.00,500,13744075800.00,500,1529.03,0.006086
20070920,-0.006498,-0.006712,-0.010030,-0.010066,13736598800.00,500,13829417100.00,500,1518.75,-0.006723
20070921,0.004666,0.004665,0.002980,0.002975,13800767600.00,500,13736598800.00,500,1525.75,0.004609
20070924,-0.005194,-0.005194,-0.006623,-0.006623,13729175500.00,500,13800767600.00,500,1517.73,-0.005256
20070925,-0.000402,-0.000420,-0.001867,-0.001909,13697808600.00,499,13703561100.00,499,1517.21,-0.000343
20070926,0.005508,0.005324,0.006247,0.005977,13781257300.00,500,13697808600.00,499,1525.42,0.005411
20070927,0.004005,0.003967,0.004577,0.004512,13832966800.00,500,13781257300.00,500,1531.38,0.003907
20070928,-0.002974,-0.002987,-0.002634,-0.002650,13769329400.00,500,13832966800.00,500,1526.75,-0.003023
20071001,0.013261,0.013252,0.014261,0.014240,13951234100.00,500,13769329400.00,500,1547.04,0.013290
20071002,-0.000094,-0.000098,0.002176,0.002167,13954911400.00,500,13947697300.00,499,1546.63,-0.000265
20071003,-0.004280,-0.004474,-0.002873,-0.003003,13892482000.00,500,13954911400.00,500,1539.59,-0.004552
20071004,0.002152,0.002132,0.000939,0.000907,13922104200.00,500,13892482000.00,500,1542.84,0.002111
20071005,0.009830,0.009552,0.012955,0.012854,14054453100.00,500,13922104200.00,500,1557.59,0.009560
20071008,-0.003065,-0.003065,-0.004285,-0.004285,14010085600.00,500,14040878100.00,499,1552.58,-0.003217
20071009,0.008080,0.008062,0.007267,0.007236,14123030700.00,500,14010085600.00,500,1565.15,0.008096
20071010,-0.001520,-0.001593,-0.001867,-0.001950,14079480900.00,500,14123030700.00,500,1562.47,-0.001712
20071011,-0.005054,-0.005109,-0.006597,-0.006637,14007542600.00,500,14079480900.00,500,1554.41,-0.005158
20071012,0.004717,0.004710,0.004457,0.004444,14073521500.00,500,14007542600.00,500,1561.80,0.004754
20071015,-0.008458,-0.008468,-0.009519,-0.009539,13954345200.00,500,14073521500.00,500,1548.71,-0.008381
20071016,-0.006580,-0.006580,-0.008205,-0.008205,13862524500.00,500,13954345200.00,500,1538.53,-0.006573
20071017,0.001907,0.001819,0.000249,0.000229,13887754200.00,500,13862524500.00,500,1541.24,0.001761
20071018,-0.000700,-0.000728,-0.001154,-0.001173,13877647600.00,500,13887754200.00,500,1540.08,-0.000753
20071019,-0.025577,-0.025577,-0.025658,-0.025658,13522703100.00,500,13877647600.00,500,1500.63,-0.025616
20071022,0.003965,0.003945,0.007209,0.007199,13576066300.00,500,13522703100.00,500,1506.33,0.003798
20071023,0.008696,0.008696,0.006479,0.006479,13694126100.00,500,13576066300.00,500,1519.59,0.008803
20071024,-0.002509,-0.002523,-0.003183,-0.003193,13659642700.00,500,13694126100.00,500,1515.88,-0.002441
20071025,-0.000763,-0.000777,-0.001310,-0.001325,13654415300.00,500,13641106700.00,499,1514.40,-0.000976
20071026,0.013955,0.013955,0.012096,0.012093,13847476300.00,500,13646425800.00,499,1535.28,0.013788
20071029,0.003904,0.003766,0.003246,0.003135,13901932700.00,500,13843849300.00,499,1540.98,0.003713
20071030,-0.006264,-0.006290,-0.004925,-0.005020,13814341900.00,500,13901932700.00,500,1531.02,-0.006463
20071031,0.012031,0.011972,0.011383,0.011318,13950967000.00,500,13814341900.00,500,1549.38,0.011992
20071101,-0.026073,-0.026305,-0.027293,-0.027406,13581818600.00,500,13950967000.00,500,1508.44,-0.026423
20071102,0.000880,0.000835,0.000200,0.000158,13591244900.00,500,13581818600.00,500,1509.65,0.000802
20071105,-0.004966,-0.005046,-0.006031,-0.006118,13522707500.00,500,13591244900.00,500,1502.17,-0.004955
20071106,0.012033,0.012019,0.011061,0.011021,13684846200.00,500,13522707500.00,500,1520.27,0.012049
20071107,-0.028600,-0.029107,-0.029231,-0.029438,13286546700.00,500,13684846200.00,500,1475.62,-0.029370
20071108,-0.000801,-0.000843,0.003656,0.003600,13275311200.00,500,13286546700.00,500,1474.77,-0.000576
20071109,-0.014319,-0.014350,-0.011601,-0.011678,13084508000.00,500,13275311200.00,500,1453.70,-0.014287
20071112,-0.009815,-0.009815,-0.009975,-0.009975,12956087600.00,500,13084508000.00,500,1439.18,-0.009988
20071113,0.029566,0.029217,0.029232,0.029040,13334630200.00,500,12956087600.00,500,1481.05,0.029093
20071114,-0.006765,-0.007016,-0.008859,-0.009139,13241079500.00,500,13334630200.00,500,1470.58,-0.007069
20071115,-0.012991,-0.013027,-0.013459,-0.013517,13068594600.00,500,13241079500.00,500,1451.15,-0.013212
20071116,0.005199,0.005174,0.001106,0.001087,13138178300.00,500,13068594600.00,500,1458.74,0.005230
20071119,-0.017370,-0.017391,-0.020631,-0.020717,12903937600.00,500,13113561400.00,499,1433.27,-0.017460
20071120,0.004562,0.004504,0.000137,0.000082,12962059800.00,500,12903937600.00,500,1439.70,0.004486
20071121,-0.015780,-0.015838,-0.014419,-0.014486,12756744000.00,500,12962059800.00,500,1416.77,-0.015927
20071123,0.016915,0.016809,0.019127,0.019082,12971115300.00,500,12756744000.00,500,1440.70,0.016891
20071126,-0.022845,-0.022850,-0.023606,-0.023615,12674682900.00,500,12971115300.00,500,1407.22,-0.023239
20071127,0.014739,0.014693,0.013889,0.013821,12865840400.00,500,12674682900.00,500,1428.23,0.014930
20071128,0.028870,0.028546,0.031627,0.031273,13233110000.00,500,12865840400.00,500,1469.02,0.028560
20071129,0.000460,0.000384,-0.001917,-0.002056,13238195600.00,500,13233110000.00,500,1469.72,0.000477
20071130,0.007727,0.007725,0.010725,0.010721,13292003200.00,500,13238195600.00,500,1481.14,0.007770
20071203,-0.005862,-0.005895,-0.005281,-0.005340,13213645100.00,500,13292003200.00,500,1472.42,-0.005887
20071204,-0.006331,-0.006334,-0.006537,-0.006544,13129944400.00,500,13213645100.00,500,1462.79,-0.006540
20071205,0.016040,0.015519,0.014354,0.014039,13333704800.00,500,13129944400.00,500,1485.01,0.015190
20071206,0.015108,0.015017,0.018209,0.018070,13533935700.00,500,13333704800.00,500,1507.34,0.015037
20071207,-0.001808,-0.001826,0.000125,0.000100,13509219800.00,500,13533935700.00,500,1504.66,-0.001778
20071210,0.007554,0.007436,0.009442,0.008970,13609675400.00,500,13509219800.00,500,1515.96,0.007510
20071211,-0.025225,-0.025237,-0.032237,-0.032257,13266203300.00,500,13609675400.00,500,1477.65,-0.025271
20071212,0.006178,0.006023,0.004529,0.004264,13346102200.00,500,13266203300.00,500,1486.59,0.006050
20071213,0.001339,0.001301,-0.001155,-0.001249,13363471100.00,500,13346102200.00,500,1488.41,0.001224
20071214,-0.013687,-0.013732,-0.016224,-0.016296,13185336300.00,500,13359426400.00,499,1467.95,-0.013746
20071217,-0.014936,-0.014959,-0.013711,-0.013753,12988273100.00,500,13185336300.00,500,1445.90,-0.015021
20071218,0.006300,0.006292,0.006520,0.006503,13069993600.00,500,12988273100.00,500,1454.98,0.006280
20071219,-0.001252,-0.001282,-0.002033,-0.002148,13053232100.00,500,13069993600.00,500,1453.00,-0.001361
20071220,0.005175,0.004922,0.003877,0.003827,13117475200.00,500,13053232100.00,500,1460.12,0.004900
20071221,0.016821,0.016669,0.015186,0.015151,13339251000.00,500,13113449600.00,499,1484.46,0.016670
20071224,0.008130,0.008120,0.009180,0.009157,13447551800.00,500,13339251000.00,500,1496.45,0.008077
20071226,0.000699,0.000679,-0.001712,-0.001779,13456680000.00,500,13447551800.00,500,1497.66,0.000809
20071227,-0.013925,-0.014232,-0.014617,-0.015244,13265164800.00,500,13456680000.00,500,1476.37,-0.014216
20071228,0.001500,0.001477,-0.000738,-0.000776,13281848400.00,500,13265164800.00,500,1478.49,0.001436
20071231,-0.006876,-0.006892,-0.003594,-0.003617,13192721100.00,500,13281848400.00,500,1468.36,-0.006852
20080102,-0.014089,-0.014286,-0.017114,-0.017216,13001732300.00,500,13192721100.00,500,1447.16,-0.014438
20080103,0.000023,0.000023,-0.006110,-0.006110,13002029500.00,500,13001732300.00,500,1447.16,0.000000
20080104,-0.024441,-0.024441,-0.028463,-0.028463,12684263300.00,500,13002029500.00,500,1411.63,-0.024552
20080107,0.003272,0.003262,0.002608,0.002591,12725635100.00,500,12684263300.00,500,1416.18,0.003223
20080108,-0.017673,-0.017998,-0.022504,-0.022623,12496596700.00,500,12725635100.00,500,1390.19,-0.018352
20080109,0.013316,0.013241,0.008873,0.008764,12662060600.00,500,12496596700.00,500,1409.13,0.013624
20080110,0.007985,0.007969,0.013679,0.013642,12762968000.00,500,12662060600.00,500,1420.33,0.007948
20080111,-0.013669,-0.013729,-0.013391,-0.013429,12587744600.00,500,12762968000.00,500,1401.02,-0.013595
20080114,0.010698,0.010698,0.009922,0.009922,12722408600.00,500,12587744600.00,500,1416.25,0.010871
20080115,-0.024854,-0.024865,-0.026423,-0.026455,12406062000.00,500,12722408600.00,500,1380.95,-0.024925
20080116,-0.005303,-0.005411,0.002143,0.002110,12338938800.00,500,12406062000.00,500,1373.20,-0.005612
20080117,-0.028556,-0.028594,-0.030503,-0.030536,11986124300.00,500,12338938800.00,500,1333.25,-0.029093
20080118,-0.006033,-0.006056,-0.003882,-0.003893,11912201100.00,500,11986124300.00,500,1325.19,-0.006045
20080122,-0.010822,-0.010822,-0.001300,-0.001300,11783281900.00,500,11912201100.00,500,1310.50,-0.011085
20080123,0.021236,0.021209,0.032189,0.032156,12033198500.00,500,11783281900.00,500,1338.60,0.021442
20080124,0.009971,0.009946,0.008185,0.008126,12152869600.00,500,12033198500.00,500,1352.07,0.010063
20080125,-0.015847,-0.015859,-0.011414,-0.011418,11957541100.00,500,12152869600.00,500,1330.61,-0.015872
20080128,0.017471,0.017460,0.020801,0.020781,12149244900.00,500,11940762300.00,499,1353.97,0.017556
20080129,0.006042,0.005987,0.010099,0.010028,12231688100.00,500,12149244900.00,499,1362.30,0.006152
20080130,-0.004937,-0.004997,-0.006007,-0.006141,12170568200.00,500,12231688100.00,500,1355.81,-0.004764
20080131,0.015601,0.015431,0.019009,0.018939,12349759000.00,500,12170568200.00,500,1378.55,0.016772
20080201,0.013630,0.013630,0.022230,0.022230,12513879500.00,500,12349759000.00,500,1395.42,0.012238
20080204,-0.010493,-0.010510,-0.011487,-0.011553,12382372800.00,500,12513879500.00,500,1380.82,-0.010463
20080205,-0.031705,-0.031793,-0.032140,-0.032231,11988695200.00,500,12382372800.00,500,1336.64,-0.031995
20080206,-0.007300,-0.007691,-0.007039,-0.007204,11896492800.00,500,11988695200.00,500,1326.45,-0.007624
20080207,0.008207,0.007978,0.009948,0.009855,11991406600.00,500,11896492800.00,500,1336.91,0.007886
20080208,-0.004224,-0.004236,-0.005101,-0.005167,11939444900.00,500,11991406600.00,500,1331.29,-0.004204
20080211,0.006014,0.005961,0.007484,0.007434,12009927300.00,500,11939444900.00,500,1339.13,0.005889
20080212,0.007298,0.007258,0.005237,0.005180,12097134500.00,500,12009927300.00,500,1348.86,0.007266
20080213,0.013864,0.013478,0.013729,0.013358,12260175500.00,500,12097134500.00,500,1367.21,0.013604
20080214,-0.013526,-0.013556,-0.014916,-0.014967,12093643600.00,500,12260175500.00,500,1348.86,-0.013421
20080215,0.000772,0.000712,0.000711,0.000663,12101457600.00,500,12093643600.00,500,1349.99,0.000838
20080219,-0.000975,-0.001070,-0.001482,-0.001507,12088408200.00,500,12101457600.00,500,1348.78,-0.000896
20080220,0.008411,0.008349,0.011477,0.011412,12189038500.00,500,12088408200.00,500,1360.03,0.008341
20080221,-0.012441,-0.012774,-0.015161,-0.015252,12033392000.00,500,12189038500.00,500,1342.53,-0.012867
20080222,0.007871,0.007766,0.009770,0.009746,12125181300.00,500,12033392000.00,500,1353.11,0.007881
20080225,0.013770,0.013748,0.016702,0.016681,12291827900.00,500,12125181300.00,500,1371.80,0.013813
20080226,0.007119,0.007114,0.009293,0.009276,12379227900.00,500,12291827900.00,500,1381.29,0.006918
20080227,-0.000774,-0.001010,-0.002387,-0.002659,12366726700.00,500,12379227900.00,500,1380.02,-0.000919
20080228,-0.008875,-0.008991,-0.014138,-0.014299,12255533200.00,500,12366726700.00,500,1367.68,-0.008942
20080229,-0.026967,-0.027002,-0.030462,-0.030527,11878113100.00,500,12255533200.00,500,1330.63,-0.027090
20080303,0.000476,0.000451,-0.000026,-0.000115,11883468800.00,500,11878113100.00,500,1331.34,0.000534
20080304,-0.003317,-0.003320,-0.001945,-0.001956,11844016600.00,500,11883468800.00,500,1326.75,-0.003448
20080305,0.005590,0.005100,0.005045,0.004779,11904376800.00,500,11844016600.00,500,1333.70,0.005238
20080306,-0.021705,-0.021865,-0.026756,-0.027014,11643969400.00,500,11904376800.00,500,1304.34,-0.022014
20080307,-0.008192,-0.008213,-0.006483,-0.006524,11549598300.00,500,11643969400.00,500,1293.37,-0.008410
20080310,-0.015371,-0.015414,-0.019089,-0.019109,11371580100.00,500,11549598300.00,500,1273.37,-0.015463
20080311,0.037144,0.037109,0.039720,0.039700,11793698600.00,500,11371580100.00,500,1320.65,0.037130
20080312,-0.008509,-0.008830,-0.010258,-0.010629,11689558300.00,500,11793698600.00,500,1308.77,-0.008996
20080313,0.005207,0.005168,0.007178,0.007101,11749973300.00,500,11689558300.00,500,1315.48,0.005127
20080314,-0.020562,-0.020586,-0.022163,-0.022205,11507250400.00,500,11749973300.00,500,1288.14,-0.020783
20080317,-0.009003,-0.009152,-0.018640,-0.018694,11401760900.00,500,11507250400.00,500,1276.60,-0.008959
20080318,0.042220,0.042196,0.045335,0.045239,11882868300.00,500,11401760900.00,500,1330.74,0.042410
20080319,-0.023939,-0.023949,-0.022579,-0.022596,11598278100.00,500,11882868300.00,500,1298.42,-0.024287
20080320,0.024392,0.024392,0.025348,0.025348,11881053800.00,500,11598278100.00,500,1329.51,0.023944
20080324,0.015094,0.015094,0.022894,0.022894,12059478800.00,500,11881053800.00,500,1349.88,0.015321
20080325,0.002309,0.002298,0.003570,0.003542,12087156700.00,500,12059478800.00,500,1352.99,0.002304
20080326,-0.008731,-0.008778,-0.012770,-0.012837,11981053700.00,500,12087156700.00,500,1341.13,-0.008766
20080327,-0.011303,-0.011507,-0.011797,-0.012075,11843186800.00,500,11981053700.00,500,1325.76,-0.011460
20080328,-0.007950,-0.007995,-0.011213,-0.011284,11747748700.00,500,11843186800.00,500,1315.22,-0.007950
20080331,0.005739,0.005725,0.007688,0.007679,11811627200.00,500,11740744000.00,499,1322.70,0.005687
20080401,0.035878,0.035873,0.039897,0.039885,12235761100.00,500,11811627200.00,500,1370.18,0.035896
20080402,-0.001677,-0.001874,0.001801,0.001706,12212833500.00,500,12235761100.00,500,1367.53,-0.001934
20080403,0.001268,0.001260,0.002876,0.002837,12228217300.00,500,12212833500.00,500,1369.31,0.001302
20080404,0.000764,0.000750,0.000074,0.000050,12237390800.00,500,12228217300.00,500,1370.40,0.000796
20080407,0.001513,0.001504,0.000497,0.000482,12255762800.00,500,12237390800.00,500,1372.54,0.001562
20080408,-0.004715,-0.005042,-0.006433,-0.006538,12194063100.00,500,12255762800.00,500,1365.54,-0.005100
20080409,-0.007899,-0.007973,-0.012499,-0.012597,12096835900.00,500,12194063100.00,500,1354.49,-0.008092
20080410,0.004569,0.004522,0.004377,0.004310,12151537600.00,500,12096835900.00,500,1360.55,0.004474
20080411,-0.020155,-0.020221,-0.017673,-0.017705,11905843600.00,500,12151537600.00,500,1332.83,-0.020374
20080414,-0.003200,-0.003213,-0.005205,-0.005233,11867604700.00,500,11905843600.00,500,1328.32,-0.003384
20080415,0.004797,0.004792,0.004103,0.004085,11924501800.00,500,11867604700.00,500,1334.43,0.004600
20080416,0.022642,0.022529,0.024877,0.024853,12193186300.00,500,11924501800.00,500,1364.71,0.022691
20080417,0.000673,0.000647,0.002600,0.002588,12201112500.00,500,12193186300.00,500,1365.56,0.000623
20080418,0.017938,0.017934,0.018114,0.018112,12419335300.00,500,12201112500.00,500,1390.33,0.018139
20080421,-0.001446,-0.001473,-0.003805,-0.003822,12401077700.00,500,12419335300.00,500,1388.17,-0.001554
20080422,-0.008698,-0.008714,-0.014553,-0.014563,12293030600.00,500,12401077700.00,500,1375.94,-0.008810
20080423,0.003079,0.003073,0.002986,0.002965,12330827600.00,500,12293030600.00,500,1379.93,0.002900
20080424,0.006421,0.006416,0.010781,0.010765,12409951700.00,500,12330827600.00,500,1388.82,0.006442
20080425,0.006095,0.006084,0.010298,0.010295,12484057900.00,500,12409951700.00,500,1397.84,0.006495
20080428,-0.001158,-0.001218,0.001183,0.001102,12468853300.00,500,12484057900.00,500,1396.37,-0.001052
20080429,-0.003706,-0.003734,-0.002255,-0.002341,12422299700.00,500,12468853300.00,500,1390.94,-0.003889
20080430,-0.004070,-0.004112,-0.007474,-0.007525,12355628500.00,500,12422299700.00,500,1385.59,-0.003846
20080501,0.017263,0.017081,0.022588,0.022470,12566789100.00,500,12355628500.00,500,1409.34,0.017141
20080502,0.003031,0.003029,0.002434,0.002432,12604876900.00,500,12566789100.00,500,1413.90,0.003236
20080505,-0.004496,-0.004580,-0.006236,-0.006291,12547247300.00,500,12604876900.00,500,1407.49,-0.004534
20080506,0.007543,0.007504,0.009407,0.009334,12641453400.00,500,12547247300.00,500,1418.26,0.007652
20080507,-0.017481,-0.017878,-0.017896,-0.018082,12415347600.00,500,12641453400.00,500,1392.57,-0.018114
20080508,0.003668,0.003624,0.001717,0.001618,12460337100.00,500,12415347600.00,500,1397.68,0.003669
20080509,-0.006376,-0.006577,-0.004505,-0.004527,12378535500.00,500,12460337100.00,500,1388.28,-0.006725
20080512,0.011258,0.011230,0.015102,0.014995,12517542300.00,500,12378535500.00,500,1403.58,0.011021
20080513,-0.000318,-0.000556,0.001198,0.001023,12510577900.00,500,12517542300.00,500,1403.04,-0.000385
20080514,0.004261,0.004054,0.006877,0.006611,12561294600.00,500,12510577900.00,500,1408.66,0.004006
20080515,0.010659,0.010490,0.012152,0.012053,12692922800.00,500,12561294600.00,500,1423.57,0.010585
20080516,0.001171,0.001144,-0.001111,-0.001134,12707423900.00,500,12692922800.00,500,1425.35,0.001250
20080519,0.000893,0.000863,-0.000869,-0.000890,12718389200.00,500,12707423900.00,500,1426.63,0.000898
20080520,-0.009346,-0.009346,-0.009682,-0.009688,12599522500.00,500,12718389200.00,500,1413.40,-0.009274
20080521,-0.016013,-0.016086,-0.017159,-0.017262,12396851400.00,500,12599522500.00,500,1390.71,-0.016053
20080522,0.002939,0.002756,0.003364,0.003285,12431040600.00,500,12396851400.00,500,1394.35,0.002617
20080523,-0.013030,-0.013044,-0.014123,-0.014150,12268920300.00,500,12431040600.00,500,1375.93,-0.013210
20080527,0.006962,0.006956,0.009094,0.009065,12354259600.00,500,12268920300.00,500,1385.35,0.006846
20080528,0.004128,0.003933,0.005165,0.004888,12402854600.00,500,12354259600.00,500,1390.84,0.003963
20080529,0.005490,0.005371,0.007605,0.007410,12469473600.00,500,12402854600.00,500,1398.26,0.005335
20080530,0.001511,0.001498,0.001220,0.001195,12480087000.00,500,12469473600.00,500,1400.38,0.001516
20080602,-0.010518,-0.010545,-0.011082,-0.011123,12357427700.00,500,12477840700.00,499,1385.67,-0.010504
20080603,-0.005598,-0.005635,-0.003724,-0.003757,12287796000.00,500,12357427700.00,500,1377.65,-0.005788
20080604,0.000215,-0.000269,0.001070,0.000847,12284486500.00,500,12287796000.00,500,1377.20,-0.000327
20080605,0.019662,0.019584,0.016276,0.016156,12525066400.00,500,12284486500.00,500,1404.05,0.019496
20080606,-0.030709,-0.030828,-0.033571,-0.033735,12146502800.00,500,12515921500.00,499,1360.68,-0.030889
20080609,0.000949,0.000914,-0.003521,-0.003567,12157605900.00,500,12146502800.00,500,1361.76,0.000794
20080610,-0.002208,-0.002208,-0.002743,-0.002744,12130758000.00,500,12157605900.00,500,1358.44,-0.002438
20080611,-0.016793,-0.017017,-0.022461,-0.022847,11937170400.00,500,12130758000.00,500,1335.49,-0.016894
20080612,0.003610,0.003542,0.006955,0.006816,11979447100.00,500,11937170400.00,500,1339.87,0.003280
20080613,0.014986,0.014960,0.017191,0.017125,12157634600.00,500,11979447100.00,500,1360.03,0.015046
20080616,0.000115,0.000115,0.002551,0.002551,12159027200.00,500,12157634600.00,500,1360.14,0.000081
20080617,-0.006799,-0.006810,-0.010894,-0.010931,12076227400.00,500,12159027200.00,500,1350.93,-0.006771
20080618,-0.009680,-0.009694,-0.012729,-0.012798,11959164700.00,500,12076227400.00,500,1337.81,-0.009712
20080619,0.004082,0.003824,0.008097,0.008075,12004892000.00,500,11959164700.00,500,1342.83,0.003752
20080620,-0.018580,-0.018591,-0.019497,-0.019514,11781425200.00,500,12004892000.00,500,1317.93,-0.018543
20080623,0.000015,0.000015,-0.007041,-0.007041,11793600200.00,500,11781425200.00,500,1318.00,0.000053
20080624,-0.002678,-0.002693,-0.002146,-0.002182,11761844800.00,500,11793600200.00,500,1314.29,-0.002815
20080625,0.006085,0.006038,0.008510,0.008471,11832863600.00,500,11761844800.00,500,1321.97,0.005843
20080626,-0.028955,-0.029251,-0.030951,-0.031272,11486737700.00,500,11832863600.00,500,1283.15,-0.029365
20080627,-0.003756,-0.003789,-0.004369,-0.004409,11443063400.00,500,11486737700.00,500,1278.38,-0.003717
20080630,0.001151,0.001151,-0.003258,-0.003258,11454626800.00,500,11443063400.00,500,1280.00,0.001267
20080701,0.004135,0.003950,0.002618,0.002503,11506889600.00,500,11452147600.00,499,1284.91,0.003836
20080702,-0.017992,-0.018062,-0.020278,-0.020373,11299054400.00,500,11506889600.00,500,1261.52,-0.018204
20080703,0.001075,0.001056,-0.003245,-0.003277,11307884000.00,500,11299054400.00,500,1262.90,0.001094
20080707,-0.008093,-0.008104,-0.010148,-0.010155,11216240200.00,500,11307884000.00,500,1252.31,-0.008385
20080708,0.017643,0.017267,0.024843,0.024667,11409906400.00,500,11216240200.00,500,1273.70,0.017080
20080709,-0.022656,-0.022761,-0.026766,-0.026907,11150205500.00,500,11409906400.00,500,1244.69,-0.022776
20080710,0.007102,0.007102,0.001401,0.001401,11229398300.00,500,11150205500.00,500,1253.39,0.006990
20080711,-0.010979,-0.011056,-0.013251,-0.013289,11105299800.00,500,11229398300.00,500,1239.49,-0.011090
20080714,-0.008835,-0.008835,-0.014761,-0.014761,11007186200.00,500,11105299800.00,500,1228.30,-0.009028
20080715,-0.010527,-0.010542,-0.007361,-0.007398,10891153900.00,500,11007186200.00,500,1214.91,-0.010901
20080716,0.025064,0.024940,0.038002,0.037975,11162786700.00,500,10891153900.00,500,1245.36,0.025064
20080717,0.011809,0.011775,0.022119,0.022100,11294225200.00,500,11162786700.00,500,1260.32,0.012013
20080718,-0.000060,-0.000064,0.001066,0.001063,11300003600.00,500,11294225200.00,500,1260.68,0.000286
20080721,-0.000662,-0.000686,-0.001304,-0.001318,11292295100.00,500,11300003600.00,500,1260.00,-0.000539
20080722,0.013656,0.013637,0.018324,0.018286,11446252300.00,500,11292295100.00,500,1277.00,0.013492
20080723,0.003982,0.003982,0.008545,0.008545,11491780400.00,500,11446252300.00,500,1282.19,0.004064
20080724,-0.022927,-0.022967,-0.031521,-0.031706,11227854400.00,500,11491780400.00,500,1252.54,-0.023125
20080725,0.004255,0.004243,0.002301,0.002297,11274671000.00,500,11227854400.00,500,1257.76,0.004168
20080728,-0.018449,-0.018450,-0.018739,-0.018745,11066127900.00,500,11274671000.00,500,1234.37,-0.018597
20080729,0.023490,0.023406,0.029427,0.029375,11325136100.00,500,11066127900.00,500,1263.20,0.023356
20080730,0.016536,0.016472,0.012706,0.012562,11511692400.00,500,11325136100.00,500,1284.26,0.016672
20080731,-0.012845,-0.013031,-0.009750,-0.009847,11345697700.00,500,11493778500.00,499,1267.38,-0.013144
20080801,-0.005623,-0.005623,-0.005430,-0.005430,11280219200.00,500,11345697700.00,500,1260.31,-0.005578
20080804,-0.008737,-0.008751,-0.009066,-0.009115,11181226600.00,500,11280219200.00,500,1249.01,-0.008966
20080805,0.028818,0.028717,0.031957,0.031878,11502306600.00,500,11181226600.00,500,1284.88,0.028719
20080806,0.004060,0.003612,0.003760,0.003530,11543849900.00,500,11502306600.00,500,1289.19,0.003354
20080807,-0.018041,-0.018134,-0.019239,-0.019407,11334515300.00,500,11543849900.00,500,1266.07,-0.017934
20080808,0.023915,0.023915,0.028159,0.028159,11605581300.00,500,11334515300.00,500,1296.32,0.023893
20080811,0.007276,0.007038,0.011836,0.011765,11687277700.00,500,11605581300.00,500,1305.32,0.006943
20080812,-0.011639,-0.011676,-0.014545,-0.014583,11550955000.00,500,11687277700.00,500,1289.59,-0.012051
20080813,-0.002780,-0.003136,-0.003844,-0.004197,11514726200.00,500,11550955000.00,500,1285.83,-0.002916
20080814,0.005535,0.005500,0.011745,0.011653,11578061500.00,500,11514726200.00,500,1292.93,0.005522
20080815,0.004286,0.004170,0.007100,0.007085,11626345600.00,500,11578061500.00,500,1298.20,0.004076
20080818,-0.014872,-0.014938,-0.018415,-0.018476,11452676000.00,500,11626345600.00,500,1278.60,-0.015098
20080819,-0.009214,-0.009309,-0.013202,-0.013221,11346066200.00,500,11452676000.00,500,1266.69,-0.009315
20080820,0.006187,0.006115,0.003250,0.003164,11415445100.00,500,11346066200.00,500,1274.54,0.006197
20080821,0.002548,0.002497,0.000907,0.000841,11448622500.00,500,11415445100.00,500,1277.72,0.002495
20080822,0.011538,0.011419,0.013089,0.013066,11583874900.00,500,11448622500.00,500,1292.20,0.011333
20080825,-0.019459,-0.019463,-0.020014,-0.020028,11358430600.00,500,11583874900.00,500,1266.84,-0.019625
20080826,0.003619,0.003614,0.003441,0.003422,11386822200.00,500,11345819400.00,499,1271.51,0.003686
20080827,0.008054,0.007884,0.011470,0.011232,11485056900.00,500,11386822200.00,499,1281.66,0.007983
20080828,0.014869,0.014697,0.019720,0.019401,11653847500.00,500,11485056900.00,500,1300.68,0.014840
20080829,-0.013721,-0.013767,-0.010825,-0.010893,11492578600.00,500,11653847500.00,500,1282.83,-0.013724
20080902,-0.003892,-0.003926,-0.000291,-0.000308,11447408300.00,500,11492578600.00,500,1277.58,-0.004093
20080903,-0.001604,-0.002096,-0.000732,-0.000928,11423415300.00,500,11447408300.00,500,1274.98,-0.002035
20080904,-0.029620,-0.029644,-0.031858,-0.031892,11084774500.00,500,11423415300.00,500,1236.83,-0.029922
20080905,0.004572,0.004512,0.008074,0.007790,11132055300.00,500,11084774500.00,500,1242.31,0.004431
20080908,0.020415,0.020240,0.018010,0.017798,11357495600.00,500,11132055300.00,500,1267.79,0.020510
20080909,-0.033592,-0.033599,-0.037873,-0.037893,10975899200.00,500,11357495600.00,500,1224.51,-0.034138
20080910,0.006030,0.005978,0.005085,0.004930,11041516500.00,500,10975899200.00,500,1232.04,0.006149
20080911,0.014304,0.013977,0.012283,0.011987,11194630600.00,498,11041516500.00,500,1249.05,0.013806
20080912,0.001924,0.001911,0.005117,0.005104,11216025400.00,498,11194630600.00,498,1251.70,0.002122
20080915,-0.046445,-0.046451,-0.049790,-0.049807,10709442200.00,500,11216025400.00,498,1192.70,-0.047136
20080916,0.017108,0.017104,0.015149,0.015122,10892923700.00,500,10709442200.00,500,1213.59,0.017515
20080917,-0.047039,-0.047060,-0.051175,-0.051221,10380215800.00,499,10892923700.00,500,1156.39,-0.047133
20080918,0.042869,0.042555,0.053164,0.053108,10821945500.00,499,10380215800.00,499,1206.51,0.043342
20080919,0.040159,0.040159,0.043489,0.043489,11256540700.00,499,10821945500.00,499,1255.08,0.040257
20080922,-0.037938,-0.037978,-0.045508,-0.045529,10835370600.00,500,11256540700.00,499,1207.09,-0.038237
20080923,-0.015319,-0.015370,-0.014680,-0.014748,10662787700.00,499,10829235500.00,499,1188.22,-0.015633
20080924,-0.001769,-0.001779,-0.003112,-0.003162,10650605000.00,500,10662787700.00,499,1185.87,-0.001978
20080925,0.019586,0.019586,0.016217,0.016217,10859212900.00,500,10650605000.00,500,1209.18,0.019656
20080926,0.003484,0.003266,-0.002868,-0.003159,10893546800.00,500,10859212900.00,500,1213.01,0.003167
20080929,-0.087094,-0.087139,-0.092025,-0.092091,9944047510.00,500,10893274200.00,499,1106.39,-0.087897
20080930,0.054034,0.054030,0.054962,0.054949,10506424200.00,499,9942355030.00,498,1166.36,0.054203
20081001,-0.004515,-0.004662,-0.005766,-0.005895,10457447800.00,499,10506424200.00,499,1161.06,-0.004544
20081002,-0.039620,-0.039796,-0.050504,-0.050616,10045325400.00,500,10457447800.00,499,1114.28,-0.040291
20081003,-0.013309,-0.013327,-0.015103,-0.015122,9911348830.00,500,10045325400.00,500,1099.23,-0.013506
20081006,-0.037788,-0.037801,-0.041280,-0.041287,9536693970.00,500,9911348830.00,500,1056.89,-0.038518
20081007,-0.058172,-0.058180,-0.062022,-0.062029,8971453350.00,500,9519207410.00,499,996.23,-0.057395
20081008,-0.010852,-0.011372,-0.011999,-0.012270,8869429020.00,500,8971453350.00,500,984.94,-0.011333
20081009,-0.075734,-0.075749,-0.082105,-0.082130,8196840200.00,500,8869429020.00,500,909.92,-0.076167
20081010,-0.011172,-0.011263,-0.005486,-0.005526,8104521730.00,500,8196840200.00,500,899.22,-0.011759
20081013,0.115133,0.115133,0.120949,0.120949,9037622660.00,500,8104521730.00,500,1003.35,0.115800
20081014,-0.006043,-0.006054,-0.002563,-0.002578,8982909640.00,500,9037622660.00,500,998.01,-0.005322
20081015,-0.089966,-0.090056,-0.098717,-0.098801,8173941240.00,500,8982909640.00,500,907.84,-0.090350
20081016,0.043350,0.043317,0.039052,0.039028,8528002180.00,500,8173941240.00,500,946.43,0.042507
20081017,-0.006222,-0.006234,-0.001147,-0.001152,8474839650.00,500,8528002180.00,500,940.55,-0.006213
20081020,0.047038,0.047032,0.045297,0.045293,8871416390.00,500,8474839650.00,500,985.40,0.047685
20081021,-0.030627,-0.030628,-0.033754,-0.033762,8599670750.00,500,8871416390.00,500,955.05,-0.030800
20081022,-0.059075,-0.059270,-0.069161,-0.069201,8095674860.00,500,8599670750.00,500,896.78,-0.061013
20081023,0.010967,0.010925,-0.009843,-0.010076,8184133220.00,500,8095674860.00,500,908.11,0.012634
20081024,-0.034157,-0.034166,-0.037346,-0.037367,7903665840.00,500,8184133220.00,500,876.77,-0.034511
20081027,-0.031781,-0.031781,-0.036218,-0.036218,7652045270.00,500,7903665840.00,500,848.92,-0.031764
20081028,0.107242,0.107240,0.109076,0.109064,8472649280.00,500,7652045270.00,500,940.51,0.107890
20081029,-0.011462,-0.011604,-0.000209,-0.000330,8374333960.00,500,8472649280.00,500,930.09,-0.011079
20081030,0.027034,0.026849,0.034857,0.034667,8599176180.00,500,8374333960.00,500,954.09,0.025804
20081031,0.015354,0.015354,0.025318,0.025318,8721274810.00,500,8599176180.00,500,968.75,0.015365
20081103,-0.002754,-0.002765,-0.000563,-0.000603,8696336170.00,500,8721274810.00,500,966.30,-0.002529
20081104,0.040260,0.040253,0.044471,0.044459,9046369360.00,500,8696336170.00,500,1005.75,0.040826
20081105,-0.051925,-0.052487,-0.054464,-0.054698,8571553650.00,500,9046369360.00,500,952.77,-0.052677
20081106,-0.049469,-0.049720,-0.055905,-0.056124,8146162410.00,500,8571553650.00,500,904.88,-0.050264
20081107,0.029010,0.028665,0.025916,0.025661,8379673260.00,500,8146162410.00,500,930.99,0.028855
20081110,-0.012278,-0.012411,-0.024263,-0.024372,8275666830.00,500,8379673260.00,500,919.21,-0.012653
20081111,-0.021952,-0.021952,-0.032429,-0.032429,8093738680.00,499,8275666830.00,500,898.95,-0.022041
20081112,-0.051133,-0.051567,-0.061537,-0.062196,7676366260.00,499,8093738680.00,499,852.30,-0.051894
20081113,0.068917,0.068808,0.078560,0.078353,8210807020.00,499,7676366260.00,499,911.29,0.069213
20081114,-0.041769,-0.041940,-0.050009,-0.050039,7872146860.00,499,8208647620.00,498,873.29,-0.041699
20081117,-0.025825,-0.025863,-0.031633,-0.031679,7673586920.00,500,7872146860.00,499,850.75,-0.025810
20081118,0.010164,0.009951,-0.000466,-0.000546,7700178570.00,500,7623998840.00,499,859.12,0.009838
20081119,-0.060627,-0.060736,-0.077409,-0.077588,7237566820.00,500,7700178570.00,499,806.58,-0.061156
20081120,-0.065964,-0.066006,-0.077545,-0.077661,6759842990.00,500,7237566820.00,500,752.44,-0.067123
20081121,0.063255,0.063045,0.064973,0.064902,7186088050.00,500,6759842990.00,500,800.03,0.063248
20081124,0.063415,0.063386,0.093088,0.092912,7640691760.00,500,7181353110.00,499,851.81,0.064723
20081125,0.006564,0.006412,0.015495,0.015109,7689657750.00,500,7640691760.00,500,857.39,0.006551
20081126,0.035612,0.035203,0.051169,0.050666,7960357190.00,500,7689657750.00,500,887.68,0.035328
20081128,0.009108,0.009073,0.011924,0.011823,8037282260.00,500,7960357190.00,500,896.24,0.009643
20081201,-0.088632,-0.088695,-0.100798,-0.100858,7324445020.00,500,8037282260.00,500,816.21,-0.089295
20081202,0.039451,0.039376,0.045473,0.045359,7616801670.00,500,7324445020.00,500,848.81,0.039941
20081203,0.026509,0.025973,0.029553,0.029162,7814634780.00,500,7616801670.00,500,870.74,0.025836
20081204,-0.028669,-0.028708,-0.031393,-0.031448,7590295730.00,500,7814634780.00,500,845.22,-0.029308
20081205,0.037041,0.037014,0.048850,0.048699,7870970640.00,500,7590295730.00,500,876.07,0.036499
20081208,0.037990,0.037822,0.045662,0.045381,8173264800.00,500,7870970640.00,500,909.70,0.038387
20081209,-0.022993,-0.023026,-0.018955,-0.018966,7985069520.00,500,8173264800.00,500,888.67,-0.023118
20081210,0.011764,0.011660,0.020816,0.020564,8078230580.00,500,7985069520.00,500,899.24,0.011894
20081211,-0.028225,-0.028563,-0.038343,-0.038725,7847489060.00,500,8078230580.00,500,873.59,-0.028524
20081212,0.007138,0.007134,0.013549,0.013541,7903245340.00,500,7847489060.00,500,879.73,0.007028
20081215,-0.012723,-0.012766,-0.019616,-0.019683,7802353610.00,500,7903245340.00,500,868.57,-0.012686
20081216,0.051000,0.050990,0.063688,0.063662,8200198600.00,500,7802353610.00,500,913.18,0.051360
20081217,-0.009406,-0.009450,-0.000488,-0.000605,8122706860.00,500,8200198600.00,500,904.42,-0.009593
20081218,-0.020668,-0.020719,-0.023277,-0.023370,7954415610.00,500,8122706860.00,500,885.28,-0.021163
20081219,0.002973,0.002962,0.009932,0.009915,7967196740.00,500,7954415610.00,500,887.88,0.002937
20081222,-0.017844,-0.017933,-0.029051,-0.029110,7824318540.00,500,7967196740.00,500,871.63,-0.018302
20081223,-0.009530,-0.009726,-0.012798,-0.012849,7746094220.00,500,7817116990.00,499,863.16,-0.009717
20081224,0.006205,0.005741,0.006710,0.006230,7790563110.00,500,7746094220.00,500,868.15,0.005781
20081226,0.005217,0.005217,0.008440,0.008440,7831160530.00,500,7790563110.00,500,872.80,0.005356
20081229,-0.003809,-0.004139,-0.009198,-0.009683,7798745080.00,500,7831160530.00,500,869.42,-0.003873
20081230,0.024397,0.024198,0.032376,0.032176,7987458540.00,500,7798745080.00,500,890.64,0.024407
20081231,0.014131,0.014114,0.020473,0.020429,8109042730.00,500,7987458540.00,500,903.25,0.014158
